"text","favorited","favoriteCount","replyToSN","created","truncated","replyToSID","id","replyToUID","statusSource","screenName","retweetCount","isRetweet","retweeted","longitude","latitude"
"Bunty weds Sweety Part 
RoyalWedding BBdubs",FALSE,0,NA,2019-09-23 16:11:48,FALSE,NA,"1176167290515021824",NA,"<a href=""http://twitter.com/download/iphone"" rel=""nofollow"">Twitter for iPhone</a>","Himel07",2151,TRUE,FALSE,NA,NA
"Champagne gold bridal hand fan 
bridalhandfan msasoebi bellanaijaweddings bridalfansbridalfanworld",FALSE,0,NA,2019-09-23 15:52:38,FALSE,NA,"1176162466574798853",NA,"<a href=""http://twitter.com"" rel=""nofollow"">bridetobexoxo to zveil 1</a>","bridetobexoxo",1,TRUE,FALSE,NA,NA
"Champagne gold bridal hand fan 
bridalhandfan msasoebi bellanaijaweddings bridalfans",FALSE,0,NA,2019-09-23 15:26:27,TRUE,NA,"1176155875263811584",NA,"<a href=""http://instagram.com"" rel=""nofollow"">Instagram</a>","arinolaanu",1,FALSE,FALSE,"7.022346","4.886286"
"Hashtags on Twitter can also be used to join in with broader conversations around big events like the RoyalWedding",FALSE,0,NA,2019-09-23 14:42:01,TRUE,NA,"1176144694671216641",NA,"<a href=""https://buffer.com"" rel=""nofollow"">Buffer</a>","Stroud_WDYT",0,FALSE,FALSE,NA,NA
"My wedding weekend was absolutely perfectfar exceeded my expectations on this one Now lets get",FALSE,26,NA,2019-09-23 13:19:40,TRUE,NA,"1176123970854293504",NA,"<a href=""http://tapbots.com/tweetbot"" rel=""nofollow"">Tweetbot for i<U+039F>S</a>","mpoole3",0,FALSE,FALSE,NA,NA
"Designer silk safa for barati or wedding procession For business inquiries start your conversation at",FALSE,0,NA,2019-09-23 12:45:44,TRUE,NA,"1176115430630445057",NA,"<a href=""https://mobile.twitter.com"" rel=""nofollow"">Twitter Web App</a>","ShahiPagdi",0,FALSE,FALSE,NA,NA
"Bunty weds Sweety Part 
RoyalWedding BBdubs",FALSE,0,NA,2019-09-23 11:58:45,FALSE,NA,"1176103606556082176",NA,"<a href=""https://mobile.twitter.com"" rel=""nofollow"">Twitter Web App</a>","priyangshee1",2151,TRUE,FALSE,NA,NA
"Customized red two tone wand bridal hand fan off to USA 
bridalhandfan asoebispecialtwotonehandfan",FALSE,0,NA,2019-09-23 11:50:23,TRUE,NA,"1176101499639947265",NA,"<a href=""http://instagram.com"" rel=""nofollow"">Instagram</a>","arinolaanu",0,FALSE,FALSE,"3.38760781","6.45627575"
"One prince One rockstar One night in Vegas NOT YOUR KNIGHT IN SHINING ARMOUR is out now",FALSE,0,NA,2019-09-23 11:00:00,TRUE,NA,"1176088821332697089",NA,"<a href=""https://www.hootsuite.com"" rel=""nofollow"">Hootsuite Inc.</a>","K8JohnsonAuthor",0,FALSE,FALSE,NA,NA
"Hashtags on Twitter can also be used to join in with broader conversations around big events like the RoyalWedding",FALSE,1,NA,2019-09-23 10:25:01,TRUE,NA,"1176080018822311937",NA,"<a href=""https://buffer.com"" rel=""nofollow"">Buffer</a>","Cheltenham_WDYT",0,FALSE,FALSE,NA,NA
"Customized bridal hand fan 
bridalhandfanhandfaninlagosclutchhandfanelegantfan",FALSE,0,NA,2019-09-23 10:11:22,TRUE,NA,"1176076580944265216",NA,"<a href=""http://instagram.com"" rel=""nofollow"">Instagram</a>","arinolaanu",0,FALSE,FALSE,"3.38749","6.45826"
"Silver Grey Wedding Veils  From Fast Delivery 
 etsyshop EtsySocial weddings bridal Br",FALSE,0,NA,2019-09-23 09:25:38,FALSE,NA,"1176065073107873792",NA,"<a href=""https://www.botlibre.com"" rel=""nofollow"">Bot Libre!</a>","etsygroupboard",1,TRUE,FALSE,NA,NA
"Silver Grey Wedding Veils  From Fast Delivery 
 etsyshop EtsySocial weddings",FALSE,1,NA,2019-09-23 09:15:07,TRUE,NA,"1176062429203222529",NA,"<a href=""https://mobile.twitter.com"" rel=""nofollow"">Twitter Web App</a>","saleslbveils",1,FALSE,FALSE,NA,NA
"Joe Morton inspired in his role as a preacher by Rev Michael Curry and the RoyalWedding SussexOnTV ",FALSE,0,NA,2019-09-23 07:09:05,FALSE,NA,"1176030708080500736",NA,"<a href=""http://twitter.com/#!/download/ipad"" rel=""nofollow"">Twitter for iPad</a>","February1316",7,TRUE,FALSE,NA,NA
"Joe Morton inspired in his role as a preacher by Rev Michael Curry and the RoyalWedding SussexOnTV ",FALSE,0,NA,2019-09-23 06:41:20,FALSE,NA,"1176023724950216705",NA,"<a href=""http://twitter.com/download/android"" rel=""nofollow"">Twitter for Android</a>","shademae1",7,TRUE,FALSE,NA,NA
"She remembers that night she just wont regret that night for the rest of her days NOT YOUR KNIGHT IN SHINING A",FALSE,0,NA,2019-09-23 06:00:41,TRUE,NA,"1176013494510112769",NA,"<a href=""https://www.hootsuite.com"" rel=""nofollow"">Hootsuite Inc.</a>","K8JohnsonAuthor",0,FALSE,FALSE,NA,NA
"Bunty weds Sweety Part 
RoyalWedding BBdubs",FALSE,0,NA,2019-09-23 05:04:36,FALSE,NA,"1175999383248048129",NA,"<a href=""http://twitter.com/download/android"" rel=""nofollow"">Twitter for Android</a>","VijayGold2",2151,TRUE,FALSE,NA,NA
"When you photograph people in color you photograph their clothes But when you photograph people in Black and whit",FALSE,0,NA,2019-09-23 03:50:51,TRUE,NA,"1175980822391689216",NA,"<a href=""http://twitter.com/download/android"" rel=""nofollow"">Twitter for Android</a>","Raw4everin",0,FALSE,FALSE,NA,NA
"Favorite Royal Wedding 
CatherineMiddleton DuchessofCambridge PrinceWilliam DukeofCambridge RoyalWedding RoyalF",FALSE,0,NA,2019-09-23 03:44:15,FALSE,NA,"1175979161468358657",NA,"<a href=""http://twitter.com/download/iphone"" rel=""nofollow"">Twitter for iPhone</a>","Fuckinghell888",17,TRUE,FALSE,NA,NA
"The Queen attends the wedding of Thomas Kingston and Lady Gabriella Windsor Royalsroyalwedding Windso",FALSE,0,NA,2019-09-23 03:43:19,FALSE,NA,"1175978929087057920",NA,"<a href=""http://twitter.com/download/iphone"" rel=""nofollow"">Twitter for iPhone</a>","Fuckinghell888",76,TRUE,FALSE,NA,NA
"The best and most beautiful things in this world cannot be seen or even heard but must be felt with the heart ",FALSE,1,NA,2019-09-23 03:42:10,TRUE,NA,"1175978636525985798",NA,"<a href=""http://twitter.com/download/android"" rel=""nofollow"">Twitter for Android</a>","Raw4everin",0,FALSE,FALSE,NA,NA
"Ready for MemorialDayWeekend with pockethuggie in my Etsy shopbeer Coffee MemorialDay USA st",FALSE,0,NA,2019-09-23 03:30:06,FALSE,NA,"1175975602547023872",NA,"<a href=""http://twitter.com/download/android"" rel=""nofollow"">Twitter for Android</a>","PilarMahl",8,TRUE,FALSE,NA,NA
"Excited to share from my etsy shop Ecofriendly Beverage Insulators BridalParty Set PocketHuggiesSIZES Brides TheKn",FALSE,0,NA,2019-09-23 00:43:09,FALSE,NA,"1175933586576482305",NA,"<a href=""http://twitter.com/download/android"" rel=""nofollow"">Twitter for Android</a>","PilarMahl",11,TRUE,FALSE,NA,NA
"Allare so beautiful Which was your favorite RoyalWedding",FALSE,0,NA,2019-09-23 00:32:11,FALSE,NA,"1175930824740524033",NA,"<a href=""https://mobile.twitter.com"" rel=""nofollow"">Twitter Web App</a>","lilmissxkupkak6",565,TRUE,FALSE,NA,NA
"Repost 

News SussexRoyaltour is here
All the best HarryMeghan 
DuchessOfSussex Suss",FALSE,0,NA,2019-09-23 00:27:53,FALSE,NA,"1175929743138611200",NA,"<a href=""http://twitter.com/download/iphone"" rel=""nofollow"">Twitter for iPhone</a>","darcy_mcrae",5,TRUE,FALSE,NA,NA
"Repost 

News SussexRoyaltour is here
All the best HarryMeghan 
DuchessOfSussex Suss",FALSE,0,NA,2019-09-23 00:15:49,FALSE,NA,"1175926708601610240",NA,"<a href=""http://twitter.com/#!/download/ipad"" rel=""nofollow"">Twitter for iPad</a>","ilona84010600",5,TRUE,FALSE,NA,NA
"Joe Morton inspired in his role as a preacher by Rev Michael Curry and the RoyalWedding SussexOnTV ",FALSE,0,NA,2019-09-23 00:03:37,FALSE,NA,"1175923639423602688",NA,"<a href=""http://twitter.com/download/android"" rel=""nofollow"">Twitter for Android</a>","gina_asada",7,TRUE,FALSE,NA,NA
"Joe Morton inspired in his role as a preacher by Rev Michael Curry and the RoyalWedding SussexOnTV ",FALSE,0,NA,2019-09-22 23:39:10,FALSE,NA,"1175917486669275140",NA,"<a href=""https://mobile.twitter.com"" rel=""nofollow"">Twitter Web App</a>","ms_opinion",7,TRUE,FALSE,NA,NA
"Joe Morton inspired in his role as a preacher by Rev Michael Curry and the RoyalWedding SussexOnTV ",FALSE,0,NA,2019-09-22 22:56:35,FALSE,NA,"1175906766669979648",NA,"<a href=""http://twitter.com/download/iphone"" rel=""nofollow"">Twitter for iPhone</a>","freepeeper",7,TRUE,FALSE,NA,NA
"Joe Morton inspired in his role as a preacher by Rev Michael Curry and the RoyalWedding SussexOnTV ",FALSE,0,NA,2019-09-22 22:50:55,FALSE,NA,"1175905342217248770",NA,"<a href=""http://twitter.com/download/android"" rel=""nofollow"">Twitter for Android</a>","micheleer3",7,TRUE,FALSE,NA,NA
"Joe Morton inspired in his role as a preacher by Rev Michael Curry and the RoyalWedding SussexOnTV ",FALSE,0,NA,2019-09-22 22:36:08,FALSE,NA,"1175901621844369408",NA,"<a href=""http://twitter.com/download/android"" rel=""nofollow"">Twitter for Android</a>","TatiNV1",7,TRUE,FALSE,NA,NA
"Repost 

News SussexRoyaltour is here
All the best HarryMeghan 
DuchessOfSussex Suss",FALSE,0,NA,2019-09-22 21:03:07,FALSE,NA,"1175878213136003072",NA,"<a href=""http://twitter.com/download/android"" rel=""nofollow"">Twitter for Android</a>","mamaamwami",5,TRUE,FALSE,NA,NA
"Bunty weds Sweety Part 
RoyalWedding BBdubs",FALSE,0,NA,2019-09-22 20:42:19,FALSE,NA,"1175872979147927552",NA,"<a href=""http://twitter.com/download/android"" rel=""nofollow"">Twitter for Android</a>","RabAnsari120",2151,TRUE,FALSE,NA,NA
"Joe Morton inspired in his role as a preacher by Rev Michael Curry and the RoyalWedding SussexOnTV",FALSE,42,NA,2019-09-22 20:27:51,FALSE,NA,"1175869340303773697",NA,"<a href=""http://twitter.com/download/iphone"" rel=""nofollow"">Twitter for iPhone</a>","royal_suitor",7,FALSE,FALSE,NA,NA
"Repost 

News SussexRoyaltour is here
All the best HarryMeghan 
DuchessOfSussex Suss",FALSE,0,NA,2019-09-22 19:38:22,FALSE,NA,"1175856885859176448",NA,"<a href=""http://twitter.com/download/android"" rel=""nofollow"">Twitter for Android</a>","MmMin57",5,TRUE,FALSE,NA,NA
"Next Sunday will mark the date when theroyalwedding is closer to VEday than today",FALSE,1,NA,2019-09-22 19:16:15,FALSE,NA,"1175851319908810752",NA,"<a href=""http://twitter.com/download/android"" rel=""nofollow"">Twitter for Android</a>","Jim_Aram",0,FALSE,FALSE,NA,NA
"Bunty weds Sweety Part 
RoyalWedding BBdubs",FALSE,0,NA,2019-09-22 19:14:40,FALSE,NA,"1175850919801446400",NA,"<a href=""http://twitter.com/download/android"" rel=""nofollow"">Twitter for Android</a>","niket407",2151,TRUE,FALSE,NA,NA
"Repost 

News SussexRoyaltour is here
All the best HarryMeghan 
DuchessOfSussex Suss",FALSE,0,NA,2019-09-22 18:27:16,FALSE,NA,"1175838993612718080",NA,"<a href=""http://twitter.com/download/android"" rel=""nofollow"">Twitter for Android</a>","NginguBanele",5,TRUE,FALSE,NA,NA
"Repost 

News SussexRoyaltour is here
All the best HarryMeghan 
DuchessOfSussex",FALSE,41,NA,2019-09-22 18:01:34,TRUE,NA,"1175832524611887105",NA,"<a href=""https://ifttt.com"" rel=""nofollow"">IFTTT</a>","sussexpodcast",5,FALSE,FALSE,NA,NA
"She was at a revel with some rebels and a hot knight NOT YOUR KNIGHT IN SHINING ARMOUR is out now",FALSE,0,NA,2019-09-22 18:00:47,TRUE,NA,"1175832329249574915",NA,"<a href=""https://www.hootsuite.com"" rel=""nofollow"">Hootsuite Inc.</a>","K8JohnsonAuthor",0,FALSE,FALSE,NA,NA
"Bunty weds Sweety Part 
RoyalWedding BBdubs",FALSE,0,NA,2019-09-22 17:07:13,FALSE,NA,"1175818847049244673",NA,"<a href=""http://twitter.com/download/android"" rel=""nofollow"">Twitter for Android</a>","PrsSlnk",2151,TRUE,FALSE,NA,NA
"Have a great timeand congratulationsroyalwedding",FALSE,0,NA,2019-09-22 15:16:51,FALSE,NA,"1175791073978966028",NA,"<a href=""http://twitter.com/download/iphone"" rel=""nofollow"">Twitter for iPhone</a>","Cruisinteacher",1,TRUE,FALSE,NA,NA
"Bunty weds Sweety Part 
RoyalWedding BBdubs",FALSE,0,NA,2019-09-22 14:22:21,FALSE,NA,"1175777358436917248",NA,"<a href=""http://twitter.com/download/android"" rel=""nofollow"">Twitter for Android</a>","srimoyeesaha21",1376,TRUE,FALSE,NA,NA
"Bunty weds Sweety Part 
RoyalWedding BBdubs",FALSE,0,NA,2019-09-22 14:22:14,FALSE,NA,"1175777325868175361",NA,"<a href=""http://twitter.com/download/android"" rel=""nofollow"">Twitter for Android</a>","srimoyeesaha21",2151,TRUE,FALSE,NA,NA
"Customized bridal hand fan 
bridalhandfan msasoebiafrica dallaswedding bridalfans",FALSE,0,NA,2019-09-22 13:53:20,TRUE,NA,"1175770056460050433",NA,"<a href=""http://instagram.com"" rel=""nofollow"">Instagram</a>","arinolaanu",0,FALSE,FALSE,"3.3902","6.4508"
"Bunty weds Sweety Part 
RoyalWedding BBdubs",FALSE,0,NA,2019-09-22 12:14:41,FALSE,NA,"1175745229929865218",NA,"<a href=""http://twitter.com/download/android"" rel=""nofollow"">Twitter for Android</a>","igurikamboj",1376,TRUE,FALSE,NA,NA
"Champagne gold two tone wand bridal hand fan 
bridalhandfanhandfaninlagosclutchhandfan",FALSE,0,NA,2019-09-22 12:09:07,TRUE,NA,"1175743827526717440",NA,"<a href=""http://instagram.com"" rel=""nofollow"">Instagram</a>","arinolaanu",0,FALSE,FALSE,"3.39583","6.45306"
"Ready for the RoyalWedding MeghanAndHarry weddings brides Bridesmaids theknot ecofriendly koozie fashion style pa",FALSE,0,NA,2019-09-22 11:55:43,FALSE,NA,"1175740455776075776",NA,"<a href=""http://twitter.com/download/android"" rel=""nofollow"">Twitter for Android</a>","PilarMahl",6,TRUE,FALSE,NA,NA
"Be it a night out or celebration beneath the suncolour yellow disappoints none 

SKU Code YNL

yosshitanehafashi",FALSE,0,NA,2019-09-22 11:52:41,FALSE,NA,"1175739690764443649",NA,"<a href=""http://twitter.com"" rel=""nofollow"">bridetobexoxo to zveil 1</a>","bridetobexoxo",1,TRUE,FALSE,NA,NA
"Bunty weds Sweety Part 
RoyalWedding BBdubs",FALSE,0,NA,2019-09-22 11:27:09,FALSE,NA,"1175733267191848960",NA,"<a href=""http://twitter.com/download/android"" rel=""nofollow"">Twitter for Android</a>","VivekYa59186584",2151,TRUE,FALSE,NA,NA
"Be it a night out or celebration beneath the suncolour yellow disappoints none 

SKU Code YNL",FALSE,0,NA,2019-09-22 11:20:00,TRUE,NA,"1175731466136903680",NA,"<a href=""https://about.twitter.com/products/tweetdeck"" rel=""nofollow"">TweetDeck</a>","YosshitaNeha",1,FALSE,FALSE,NA,NA
"Bunty weds Sweety Part 
RoyalWedding BBdubs",FALSE,0,NA,2019-09-22 09:08:29,FALSE,NA,"1175698371102666752",NA,"<a href=""http://twitter.com/download/android"" rel=""nofollow"">Twitter for Android</a>","snavi447",2151,TRUE,FALSE,NA,NA
"Bunty weds Sweety Part 
RoyalWedding BBdubs",FALSE,0,NA,2019-09-22 09:02:18,FALSE,NA,"1175696815347261440",NA,"<a href=""http://twitter.com/download/android"" rel=""nofollow"">Twitter for Android</a>","rahulku39078700",2151,TRUE,FALSE,NA,NA
"Royal brides should be slender elegant uncontroversial Scarlet is none of those things And yet who has the p",FALSE,0,NA,2019-09-22 08:00:14,TRUE,NA,"1175681195499278336",NA,"<a href=""https://www.hootsuite.com"" rel=""nofollow"">Hootsuite Inc.</a>","K8JohnsonAuthor",0,FALSE,FALSE,NA,NA
"Let your glow be inside out when you accessorize our exquisite jewellery with your attire 

SKU Code YNL

yosshitan",FALSE,0,NA,2019-09-22 07:52:14,FALSE,NA,"1175679180199092224",NA,"<a href=""http://twitter.com"" rel=""nofollow"">bridetobexoxo to zveil 1</a>","bridetobexoxo",1,TRUE,FALSE,NA,NA
"Bunty weds Sweety Part 
RoyalWedding BBdubs",FALSE,0,NA,2019-09-22 07:41:38,FALSE,NA,"1175676512718090240",NA,"<a href=""https://mobile.twitter.com"" rel=""nofollow"">Twitter Web App</a>","siddhes72815054",2151,TRUE,FALSE,NA,NA
"Let your glow be inside out when you accessorize our exquisite jewellery with your attire 

SKU Code YNL",FALSE,0,NA,2019-09-22 07:15:00,TRUE,NA,"1175669809863741441",NA,"<a href=""https://about.twitter.com/products/tweetdeck"" rel=""nofollow"">TweetDeck</a>","YosshitaNeha",1,FALSE,FALSE,NA,NA
"Bunty weds Sweety Part 
RoyalWedding BBdubs",FALSE,0,NA,2019-09-22 07:03:22,FALSE,NA,"1175666884915671041",NA,"<a href=""https://mobile.twitter.com"" rel=""nofollow"">Twitter Web App</a>","Aryaaawn",2151,TRUE,FALSE,NA,NA
"Bunty weds Sweety Part 
RoyalWedding BBdubs",FALSE,0,NA,2019-09-22 06:12:35,FALSE,NA,"1175654101708759041",NA,"<a href=""http://twitter.com/download/android"" rel=""nofollow"">Twitter for Android</a>","star_neel95",2151,TRUE,FALSE,NA,NA
"Happy anniversary to one of our favoriteambassadorsanddown a lifetime to",FALSE,0,NA,2019-09-22 01:37:05,FALSE,NA,"1175584773248434176",NA,"<a href=""http://twitter.com/download/iphone"" rel=""nofollow"">Twitter for iPhone</a>","ScottTedro",1,TRUE,FALSE,NA,NA
"Bunty weds Sweety Part 
RoyalWedding BBdubs",FALSE,0,NA,2019-09-21 22:39:17,FALSE,NA,"1175540024625942528",NA,"<a href=""https://mobile.twitter.com"" rel=""nofollow"">Twitter Web App</a>","sri_me2",2151,TRUE,FALSE,NA,NA
"Happy anniversary to one of our favoriteambassadorsanddown a li",FALSE,7,NA,2019-09-21 21:51:02,TRUE,NA,"1175527882992410624",NA,"<a href=""http://twitter.com/download/iphone"" rel=""nofollow"">Twitter for iPhone</a>","ShoAirCG",1,FALSE,FALSE,NA,NA
"Lady Elizabeth Bowes Lyon the future Queen Elizabeth The Queen Mother was a bridesmaid to King George Vs only daughter Prince",FALSE,0,NA,2019-09-21 21:27:36,FALSE,NA,"1175521985578885120",NA,"<a href=""http://twitter.com/download/android"" rel=""nofollow"">Twitter for Android</a>","farfel54",74,TRUE,FALSE,NA,NA
"Almostyears ago as Lady Elizabeth BowesLyon enteredon her wedding day she paused to lay her bouquet at the",FALSE,0,NA,2019-09-21 21:27:01,FALSE,NA,"1175521839193440258",NA,"<a href=""http://twitter.com/download/android"" rel=""nofollow"">Twitter for Android</a>","farfel54",301,TRUE,FALSE,NA,NA
"Meghan Markles wedding veil revealed this about her role in the Royal Family expert says
RoyalWedding MeghanMarkle R",FALSE,0,NA,2019-09-21 21:06:25,FALSE,NA,"1175516657374154764",NA,"<a href=""http://twitter.com/download/android"" rel=""nofollow"">Twitter for Android</a>","Sousaadriano2",1,TRUE,FALSE,NA,NA
"Bunty weds Sweety Part 
RoyalWedding BBdubs",FALSE,0,NA,2019-09-21 17:47:52,FALSE,NA,"1175466688860418048",NA,"<a href=""http://twitter.com/download/android"" rel=""nofollow"">Twitter for Android</a>","SiddiqueRozmeen",2151,TRUE,FALSE,NA,NA
"Bunty weds Sweety Part 
RoyalWedding BBdubs",FALSE,0,NA,2019-09-21 17:38:59,FALSE,NA,"1175464455087329280",NA,"<a href=""http://twitter.com/download/android"" rel=""nofollow"">Twitter for Android</a>","Rishika63441987",2151,TRUE,FALSE,NA,NA
"Meghan Markles wedding veil revealed this about her role in the Royal Family expert says
RoyalWedding",FALSE,3,NA,2019-09-21 17:19:00,TRUE,NA,"1175459423617085440",NA,"<a href=""https://about.twitter.com/products/tweetdeck"" rel=""nofollow"">TweetDeck</a>","Daily_Express",0,FALSE,FALSE,NA,NA
"Bunty weds Sweety Part 
RoyalWedding BBdubs",FALSE,0,NA,2019-09-21 16:58:30,FALSE,NA,"1175454265722073093",NA,"<a href=""http://twitter.com/download/android"" rel=""nofollow"">Twitter for Android</a>","UzairShaikhDan2",2151,TRUE,FALSE,NA,NA
"Bunty weds Sweety Part 
RoyalWedding BBdubs",FALSE,0,NA,2019-09-21 16:52:02,FALSE,NA,"1175452637011091456",NA,"<a href=""http://twitter.com/download/android"" rel=""nofollow"">Twitter for Android</a>","Indianyoutubefc",2151,TRUE,FALSE,NA,NA
"William and Kate only told The Queen about their engagementhours before it was made public RoyalFact RoyalWedding",FALSE,0,NA,2019-09-21 16:29:49,FALSE,NA,"1175447046758785024",NA,"<a href=""https://mobile.twitter.com"" rel=""nofollow"">Twitter Web App</a>","MehmetOgutlu2",5,TRUE,FALSE,NA,NA
"Bunty weds Sweety Part 
RoyalWedding BBdubs",FALSE,0,NA,2019-09-21 16:21:01,FALSE,NA,"1175444834485710849",NA,"<a href=""https://mobile.twitter.com"" rel=""nofollow"">Twitter Web App</a>","MaddyRupalti",2151,TRUE,FALSE,NA,NA
"Meghan Markles wedding veil revealed this about her role in the Royal Family expert says
RoyalWedding",FALSE,4,NA,2019-09-21 16:19:00,TRUE,NA,"1175444324198363136",NA,"<a href=""https://about.twitter.com/products/tweetdeck"" rel=""nofollow"">TweetDeck</a>","Daily_Express",1,FALSE,FALSE,NA,NA
"Meghan Markles wedding veil revealed this about her role in the Royal Family expert says
RoyalWedding",FALSE,3,NA,2019-09-21 15:59:02,TRUE,NA,"1175439299698921473",NA,"<a href=""https://about.twitter.com/products/tweetdeck"" rel=""nofollow"">TweetDeck</a>","Daily_Express",1,FALSE,FALSE,NA,NA
"Hashtags on Twitter can also be used to join in with broader conversations around big events like the RoyalWedding",FALSE,0,NA,2019-09-21 15:34:38,TRUE,NA,"1175433159019782145",NA,"<a href=""http://twitter.com/download/iphone"" rel=""nofollow"">Twitter for iPhone</a>","Winchcombe_WDYT",0,FALSE,FALSE,NA,NA
"Bunty weds Sweety Part 
RoyalWedding BBdubs",FALSE,0,NA,2019-09-21 15:29:54,FALSE,NA,"1175431967812345857",NA,"<a href=""http://twitter.com/download/android"" rel=""nofollow"">Twitter for Android</a>","vrushu66",2151,TRUE,FALSE,NA,NA
"Bunty weds Sweety Part 
RoyalWedding BBdubs",FALSE,0,NA,2019-09-21 15:19:02,FALSE,NA,"1175429233222438913",NA,"<a href=""http://twitter.com/download/android"" rel=""nofollow"">Twitter for Android</a>","saadshake",2151,TRUE,FALSE,NA,NA
"Bunty weds Sweety Part 
RoyalWedding BBdubs",FALSE,0,NA,2019-09-21 15:18:06,FALSE,NA,"1175429000690167808",NA,"<a href=""http://twitter.com/download/android"" rel=""nofollow"">Twitter for Android</a>","saaisutar",2151,TRUE,FALSE,NA,NA
"Bunty weds Sweety Part 
RoyalWedding BBdubs",FALSE,0,NA,2019-09-21 14:37:07,FALSE,NA,"1175418684862394368",NA,"<a href=""http://twitter.com/download/android"" rel=""nofollow"">Twitter for Android</a>","JayeshAdvani5",1376,TRUE,FALSE,NA,NA
"Lets take a moment to honor this beautiful strong woman Meghan Markles Mother Doria Ragland who sat alone a million mi",FALSE,0,NA,2019-09-21 14:35:45,FALSE,NA,"1175418343005794305",NA,"<a href=""http://twitter.com/download/iphone"" rel=""nofollow"">Twitter for iPhone</a>","HRHXavier",59029,TRUE,FALSE,NA,NA
"Bunty weds Sweety Part 
RoyalWedding BBdubs",FALSE,0,NA,2019-09-21 14:35:24,FALSE,NA,"1175418251691446272",NA,"<a href=""http://twitter.com/download/android"" rel=""nofollow"">Twitter for Android</a>","JayeshAdvani5",2151,TRUE,FALSE,NA,NA
"Bunty weds Sweety Part 
RoyalWedding BBdubs",FALSE,0,NA,2019-09-21 14:26:02,FALSE,NA,"1175415896145162240",NA,"<a href=""http://twitter.com/download/android"" rel=""nofollow"">Twitter for Android</a>","Adityasukale_in",2151,TRUE,FALSE,NA,NA
"Bunty weds Sweety Part 
RoyalWedding BBdubs",FALSE,0,NA,2019-09-21 14:24:25,FALSE,NA,"1175415490069458946",NA,"<a href=""http://twitter.com/download/android"" rel=""nofollow"">Twitter for Android</a>","yash_takodara",2151,TRUE,FALSE,NA,NA
"Bunty weds Sweety Part 
RoyalWedding BBdubs",FALSE,0,NA,2019-09-21 14:23:41,FALSE,NA,"1175415303976566784",NA,"<a href=""https://mobile.twitter.com"" rel=""nofollow"">Twitter Web App</a>","vibhanshul",2151,TRUE,FALSE,NA,NA
"Bunty weds Sweety Part 
RoyalWedding BBdubs",FALSE,0,NA,2019-09-21 14:12:54,FALSE,NA,"1175412592413511680",NA,"<a href=""http://twitter.com/download/android"" rel=""nofollow"">Twitter for Android</a>","SayantanMark50",2151,TRUE,FALSE,NA,NA
"Bunty weds Sweety Part 
RoyalWedding BBdubs",FALSE,0,NA,2019-09-21 13:55:44,FALSE,NA,"1175408269436674048",NA,"<a href=""http://twitter.com/download/android"" rel=""nofollow"">Twitter for Android</a>","KamathSwapna",2151,TRUE,FALSE,NA,NA
"Bunty weds Sweety Part 
RoyalWedding BBdubs",FALSE,0,NA,2019-09-21 13:10:31,FALSE,NA,"1175396890302504960",NA,"<a href=""https://mobile.twitter.com"" rel=""nofollow"">Twitter Web App</a>","SabseHarami",1376,TRUE,FALSE,NA,NA
"Bunty weds Sweety Part 
RoyalWedding BBdubs",FALSE,0,NA,2019-09-21 12:50:22,FALSE,NA,"1175391822807363591",NA,"<a href=""https://mobile.twitter.com"" rel=""nofollow"">Twitter Web App</a>","_harishchhetri",2151,TRUE,FALSE,NA,NA
"When everyone is engrossed in the royalwedding but you just want to go home and watch Ben",FALSE,0,NA,2019-09-21 12:49:25,FALSE,NA,"1175391581471424512",NA,"<a href=""http://twitter.com/download/android"" rel=""nofollow"">Twitter for Android</a>","kwabran_",1954,TRUE,FALSE,NA,NA
"Disney predicted this RoyalWedding long time ago",FALSE,0,NA,2019-09-21 12:49:16,FALSE,NA,"1175391544263827456",NA,"<a href=""http://twitter.com/download/android"" rel=""nofollow"">Twitter for Android</a>","kwabran_",1548,TRUE,FALSE,NA,NA
"Did not expect this at all RoyalWedding",FALSE,0,NA,2019-09-21 12:28:16,FALSE,NA,"1175386260854190080",NA,"<a href=""http://twitter.com/download/android"" rel=""nofollow"">Twitter for Android</a>","imajinasong",25296,TRUE,FALSE,NA,NA
"Bunty weds Sweety Part 
RoyalWedding BBdubs",FALSE,0,NA,2019-09-21 12:24:59,FALSE,NA,"1175385433779228672",NA,"<a href=""https://mobile.twitter.com"" rel=""nofollow"">Twitter Web App</a>","abhaykr_4",2151,TRUE,FALSE,NA,NA
"Bunty weds Sweety Part 
RoyalWedding BBdubs",FALSE,0,NA,2019-09-21 12:20:08,FALSE,NA,"1175384210992795648",NA,"<a href=""http://twitter.com/download/android"" rel=""nofollow"">Twitter for Android</a>","arif9628",2151,TRUE,FALSE,NA,NA
"Bunty weds Sweety Part 
RoyalWedding BBdubs",FALSE,0,NA,2019-09-21 12:17:33,FALSE,NA,"1175383561341325312",NA,"<a href=""http://twitter.com/download/android"" rel=""nofollow"">Twitter for Android</a>","tapastiwari15",1376,TRUE,FALSE,NA,NA
"Bunty weds Sweety Part 
RoyalWedding BBdubs",FALSE,0,NA,2019-09-21 12:16:19,FALSE,NA,"1175383250761478145",NA,"<a href=""http://twitter.com/download/android"" rel=""nofollow"">Twitter for Android</a>","tapastiwari15",2151,TRUE,FALSE,NA,NA
"Bunty weds Sweety Part 
RoyalWedding BBdubs",FALSE,0,NA,2019-09-21 11:58:35,FALSE,NA,"1175378790198857729",NA,"<a href=""https://mobile.twitter.com"" rel=""nofollow"">Twitter Web App</a>","Shabdcasm",2151,TRUE,FALSE,NA,NA
"Bunty weds Sweety Part 
RoyalWedding BBdubs",FALSE,0,NA,2019-09-21 11:52:40,FALSE,NA,"1175377299090202624",NA,"<a href=""http://twitter.com/download/android"" rel=""nofollow"">Twitter for Android</a>","PrithvirajTha14",2151,TRUE,FALSE,NA,NA
"RanjeetMakeOvers make you beautiful the way you want PLEASE COMMENT
For more info Please CALL us or WhatsApp on ",FALSE,0,NA,2019-09-21 11:52:08,FALSE,NA,"1175377164486815744",NA,"<a href=""http://twitter.com"" rel=""nofollow"">bridetobexoxo to zveil 1</a>","bridetobexoxo",1,TRUE,FALSE,NA,NA
"Bunty weds Sweety Part 
RoyalWedding BBdubs",FALSE,0,NA,2019-09-21 11:51:54,FALSE,NA,"1175377106122838018",NA,"<a href=""http://twitter.com/download/android"" rel=""nofollow"">Twitter for Android</a>","Moumi70518995",2151,TRUE,FALSE,NA,NA
"Bunty weds Sweety Part 
RoyalWedding BBdubs",FALSE,0,NA,2019-09-21 11:47:01,FALSE,NA,"1175375877195984896",NA,"<a href=""http://twitter.com/download/android"" rel=""nofollow"">Twitter for Android</a>","aju_agranayak",1376,TRUE,FALSE,NA,NA
"Bunty weds Sweety Part 
RoyalWedding BBdubs",FALSE,0,NA,2019-09-21 11:46:39,FALSE,NA,"1175375786884255744",NA,"<a href=""http://twitter.com/download/android"" rel=""nofollow"">Twitter for Android</a>","aju_agranayak",2151,TRUE,FALSE,NA,NA
"Bunty weds Sweety Part 
RoyalWedding BBdubs",FALSE,0,NA,2019-09-21 11:37:41,FALSE,NA,"1175373528482250753",NA,"<a href=""https://mobile.twitter.com"" rel=""nofollow"">Twitter Web App</a>","AnishaKarnail",2151,TRUE,FALSE,NA,NA
"Bunty weds Sweety Part 
RoyalWedding BBdubs",FALSE,0,NA,2019-09-21 11:35:52,FALSE,NA,"1175373073236709376",NA,"<a href=""https://mobile.twitter.com"" rel=""nofollow"">Twitter Web App</a>","SabseHarami",2151,TRUE,FALSE,NA,NA
"RanjeetMakeOvers make you beautiful the way you want PLEASE COMMENT
For more info Please CALL us or WhatsApp on",FALSE,0,NA,2019-09-21 11:33:26,TRUE,NA,"1175372460444639232",NA,"<a href=""https://mobile.twitter.com"" rel=""nofollow"">Twitter Web App</a>","RanjeetMakeover",1,FALSE,FALSE,NA,NA
"Bunty weds Sweety Part 
RoyalWedding BBdubs",FALSE,0,NA,2019-09-21 11:32:06,FALSE,NA,"1175372123403096064",NA,"<a href=""http://twitter.com/download/android"" rel=""nofollow"">Twitter for Android</a>","AwadhiBoy",1376,TRUE,FALSE,NA,NA
"Bunty weds Sweety Part 
RoyalWedding BBdubs",FALSE,0,NA,2019-09-21 11:30:55,FALSE,NA,"1175371828069449728",NA,"<a href=""http://twitter.com/download/android"" rel=""nofollow"">Twitter for Android</a>","Pratyus09h",2151,TRUE,FALSE,NA,NA
"Bunty weds Sweety Part 
RoyalWedding BBdubs",FALSE,0,NA,2019-09-21 11:30:08,FALSE,NA,"1175371631574675456",NA,"<a href=""https://mobile.twitter.com"" rel=""nofollow"">Twitter Web App</a>","Kiran41126091",2151,TRUE,FALSE,NA,NA
"Bunty weds Sweety Part 
RoyalWedding BBdubs",FALSE,0,NA,2019-09-21 11:27:50,FALSE,NA,"1175371051389186049",NA,"<a href=""http://twitter.com/download/android"" rel=""nofollow"">Twitter for Android</a>","anavrittim",2151,TRUE,FALSE,NA,NA
"Bunty weds Sweety Part 
RoyalWedding BBdubs",FALSE,0,NA,2019-09-21 11:26:35,FALSE,NA,"1175370736011055106",NA,"<a href=""https://mobile.twitter.com"" rel=""nofollow"">Twitter Web App</a>","UMANGRAJGUPTA1",2151,TRUE,FALSE,NA,NA
"Bunty weds Sweety Part 
RoyalWedding BBdubs",FALSE,0,NA,2019-09-21 11:26:09,FALSE,NA,"1175370626405527553",NA,"<a href=""http://twitter.com/download/android"" rel=""nofollow"">Twitter for Android</a>","AniketA28488882",2151,TRUE,FALSE,NA,NA
"Bunty weds Sweety Part 
RoyalWedding BBdubs",FALSE,0,NA,2019-09-21 11:25:24,FALSE,NA,"1175370438488158208",NA,"<a href=""https://mobile.twitter.com"" rel=""nofollow"">Twitter Web App</a>","shachindra18",1376,TRUE,FALSE,NA,NA
"Bunty weds Sweety Part 
RoyalWedding BBdubs",FALSE,0,NA,2019-09-21 11:24:01,FALSE,NA,"1175370089979187201",NA,"<a href=""http://twitter.com/download/iphone"" rel=""nofollow"">Twitter for iPhone</a>","El_Patron_Ind",2151,TRUE,FALSE,NA,NA
"Bunty weds Sweety Part 
RoyalWedding BBdubs",FALSE,0,NA,2019-09-21 11:23:43,FALSE,NA,"1175370016339808257",NA,"<a href=""https://mobile.twitter.com"" rel=""nofollow"">Twitter Web App</a>","shachindra18",2151,TRUE,FALSE,NA,NA
"Bunty weds Sweety Part 
RoyalWedding BBdubs",FALSE,0,NA,2019-09-21 11:23:16,FALSE,NA,"1175369903248936960",NA,"<a href=""http://twitter.com/download/android"" rel=""nofollow"">Twitter for Android</a>","HafizTapadar",2151,TRUE,FALSE,NA,NA
"Bunty weds Sweety Part 
RoyalWedding BBdubs",FALSE,0,NA,2019-09-21 11:22:11,FALSE,NA,"1175369628932960256",NA,"<a href=""http://twitter.com/download/android"" rel=""nofollow"">Twitter for Android</a>","anavrittim",1376,TRUE,FALSE,NA,NA
"Bunty weds Sweety Part 
RoyalWedding BBdubs",FALSE,0,NA,2019-09-21 11:21:42,FALSE,NA,"1175369508950691840",NA,"<a href=""http://twitter.com/download/android"" rel=""nofollow"">Twitter for Android</a>","tigermalik789",2151,TRUE,FALSE,NA,NA
"Bunty weds Sweety Part 
RoyalWedding BBdubs",FALSE,0,NA,2019-09-21 11:19:17,FALSE,NA,"1175368899786760192",NA,"<a href=""https://mobile.twitter.com"" rel=""nofollow"">Twitter Web App</a>","shriyagoyal01",2151,TRUE,FALSE,NA,NA
"Bunty weds Sweety Part 
RoyalWedding BBdubs",FALSE,0,NA,2019-09-21 11:18:54,FALSE,NA,"1175368801866567680",NA,"<a href=""http://twitter.com/download/android"" rel=""nofollow"">Twitter for Android</a>","Deepakbroker111",2151,TRUE,FALSE,NA,NA
"Bunty weds Sweety Part 
RoyalWedding BBdubs",FALSE,0,NA,2019-09-21 11:18:45,FALSE,NA,"1175368763455131648",NA,"<a href=""http://twitter.com/download/android"" rel=""nofollow"">Twitter for Android</a>","Sudarshan_m10",2151,TRUE,FALSE,NA,NA
"Bunty weds Sweety Part 
RoyalWedding BBdubs",FALSE,0,NA,2019-09-21 11:15:15,FALSE,NA,"1175367884224135170",NA,"<a href=""http://twitter.com/download/android"" rel=""nofollow"">Twitter for Android</a>","harshit00034",2151,TRUE,FALSE,NA,NA
"Bunty weds Sweety Part 
RoyalWedding BBdubs",FALSE,0,NA,2019-09-21 11:15:02,FALSE,NA,"1175367830121918465",NA,"<a href=""http://twitter.com/download/android"" rel=""nofollow"">Twitter for Android</a>","IAmAhk_Xbox",1376,TRUE,FALSE,NA,NA
"Bunty weds Sweety Part 
RoyalWedding BBdubs",FALSE,0,NA,2019-09-21 11:14:59,FALSE,NA,"1175367818910543873",NA,"<a href=""http://twitter.com/download/android"" rel=""nofollow"">Twitter for Android</a>","IAmAhk_Xbox",2151,TRUE,FALSE,NA,NA
"Bunty weds Sweety Part 
RoyalWedding BBdubs",FALSE,0,NA,2019-09-21 11:14:04,FALSE,NA,"1175367587359625216",NA,"<a href=""http://twitter.com/download/android"" rel=""nofollow"">Twitter for Android</a>","Anshu50574629",1376,TRUE,FALSE,NA,NA
"Bunty weds Sweety Part 
RoyalWedding BBdubs",FALSE,0,NA,2019-09-21 11:13:22,FALSE,NA,"1175367410251116544",NA,"<a href=""http://twitter.com/download/android"" rel=""nofollow"">Twitter for Android</a>","dark_khi_guy",2151,TRUE,FALSE,NA,NA
"Bunty weds Sweety Part 
RoyalWedding BBdubs",FALSE,0,NA,2019-09-21 11:13:12,FALSE,NA,"1175367366500179969",NA,"<a href=""http://twitter.com/download/android"" rel=""nofollow"">Twitter for Android</a>","Anshu50574629",2151,TRUE,FALSE,NA,NA
"Bunty weds Sweety Part 
RoyalWedding BBdubs",FALSE,0,NA,2019-09-21 11:13:07,FALSE,NA,"1175367347755868161",NA,"<a href=""https://mobile.twitter.com"" rel=""nofollow"">Twitter Web App</a>","Indian_Lounda",2151,TRUE,FALSE,NA,NA
"Bunty weds Sweety Part 
RoyalWedding BBdubs",FALSE,0,NA,2019-09-21 11:11:41,FALSE,NA,"1175366987381231616",NA,"<a href=""http://twitter.com/download/iphone"" rel=""nofollow"">Twitter for iPhone</a>","Bhuvan_Bam",2151,TRUE,FALSE,NA,NA
"Bunty weds Sweety Part 
RoyalWedding BBdubs",FALSE,0,NA,2019-09-21 11:10:19,FALSE,NA,"1175366642336845824",NA,"<a href=""http://twitter.com/download/android"" rel=""nofollow"">Twitter for Android</a>","250praveen",1376,TRUE,FALSE,NA,NA
"Bunty weds Sweety Part 
RoyalWedding BBdubs",FALSE,0,NA,2019-09-21 11:08:59,FALSE,NA,"1175366306868027392",NA,"<a href=""http://twitter.com/download/android"" rel=""nofollow"">Twitter for Android</a>","250praveen",2151,TRUE,FALSE,NA,NA
"Crowds cheer as the new Duke and Dutchess of Sussex exit St Georges Chapel  MeghanMarkle PrinceHarry HarryandMegh",FALSE,0,NA,2019-09-21 08:03:28,FALSE,NA,"1175319618954649600",NA,"<a href=""http://twitter.com/download/iphone"" rel=""nofollow"">Twitter for iPhone</a>","OlgaCollette",22,TRUE,FALSE,NA,NA
"Shes a singer whos destroyed her own career Hes a pilot whos afraid of flying And the whole world is watching",FALSE,0,NA,2019-09-21 07:00:09,TRUE,NA,"1175303686307942400",NA,"<a href=""https://www.hootsuite.com"" rel=""nofollow"">Hootsuite Inc.</a>","K8JohnsonAuthor",0,FALSE,FALSE,NA,NA
"For those who dont know Oktoberfest is a Fall Party Tradition originating with the royalwedding of Bavarian",FALSE,0,NA,2019-09-21 06:47:11,TRUE,NA,"1175300424448000000",NA,"<a href=""http://twitter.com"" rel=""nofollow"">Twitter Web Client</a>","Bavarian_strong",0,FALSE,FALSE,NA,NA
"Guys I might be making this up but arentandgetting married tomorrow

Do you rememba
the ",FALSE,1,NA,2019-09-21 03:41:16,TRUE,NA,"1175253635292422144",NA,"<a href=""http://twitter.com/download/android"" rel=""nofollow"">Twitter for Android</a>","Phantom_McBane",0,FALSE,FALSE,NA,NA
"Have a great timeand congratulationsroyalwedding",FALSE,5,NA,2019-09-21 00:24:15,FALSE,NA,"1175204052503879686",NA,"<a href=""http://twitter.com/download/iphone"" rel=""nofollow"">Twitter for iPhone</a>","EddieTheCruiser",1,FALSE,FALSE,NA,NA
"WATCH Queen Elizabeth II arrives at Windsor Castle for Prince Harry and Meghan Markles royalwedding ",FALSE,0,NA,2019-09-21 00:08:32,FALSE,NA,"1175200098147545088",NA,"<a href=""https://mobile.twitter.com"" rel=""nofollow"">Twitter Web App</a>","ProudnikovaX",48,TRUE,FALSE,NA,NA
"Meghan Markles rescue dog a beagle named Guy rode into Windsor with Queen Elizabeth earlier this week ",FALSE,0,NA,2019-09-21 00:08:08,FALSE,NA,"1175200000395173888",NA,"<a href=""https://mobile.twitter.com"" rel=""nofollow"">Twitter Web App</a>","ProudnikovaX",3795,TRUE,FALSE,NA,NA
"Prince Harry and Miss Meghan Markles Wedding Reception will take place in St Georges Hall Windsor Castle
 
Last week",FALSE,0,NA,2019-09-21 00:07:52,FALSE,NA,"1175199930350264321",NA,"<a href=""https://mobile.twitter.com"" rel=""nofollow"">Twitter Web App</a>","ProudnikovaX",285,TRUE,FALSE,NA,NA
"This is the most cultured royal wedding ever Im so here for it Bun my girl and her plans for today RoyalWedding",FALSE,0,NA,2019-09-20 23:50:03,FALSE,NA,"1175195446760939520",NA,"<a href=""http://twitter.com/download/iphone"" rel=""nofollow"">Twitter for iPhone</a>","DLopez_xo",2,TRUE,FALSE,NA,NA
"Today we got a very special delivery Beautiful bouquets made from the royalwedding flowers which we gave to our patients A",FALSE,0,NA,2019-09-20 22:58:25,FALSE,NA,"1175182452567863296",NA,"<a href=""http://twitter.com/download/android"" rel=""nofollow"">Twitter for Android</a>","gina_asada",2470,TRUE,FALSE,NA,NA
"Today we got a very special delivery Beautiful bouquets made from the royalwedding flowers which we gave to our patients A",FALSE,0,NA,2019-09-20 22:34:20,FALSE,NA,"1175176395003224066",NA,"<a href=""http://twitter.com/#!/download/ipad"" rel=""nofollow"">Twitter for iPad</a>","ilona84010600",2470,TRUE,FALSE,NA,NA
"Shes a princess Hes a nobody Its the wedding of the century well since the last one RoyalWedding romance",FALSE,1,NA,2019-09-20 21:00:16,TRUE,NA,"1175152719499157504",NA,"<a href=""https://www.hootsuite.com"" rel=""nofollow"">Hootsuite Inc.</a>","K8JohnsonAuthor",0,FALSE,FALSE,NA,NA
"Emeraid green two tone wand bridal hand fan 
bridalhandfanhandfaninlagosclutchhandfan",FALSE,0,NA,2019-09-20 20:56:47,TRUE,NA,"1175151842751406081",NA,"<a href=""http://instagram.com"" rel=""nofollow"">Instagram</a>","arinolaanu",0,FALSE,FALSE,"3.39583","6.45306"
"Can we just take a moment to honor Meghan Markles Mother Doria Ragland who sat alone a million miles from homein a",FALSE,0,NA,2019-09-20 20:21:17,FALSE,NA,"1175142908166639616",NA,"<a href=""https://mobile.twitter.com"" rel=""nofollow"">Twitter Web App</a>","welshope",803,TRUE,FALSE,NA,NA
"William and Kate only told The Queen about their engagementhours before it was made public RoyalFact RoyalWedding",FALSE,0,NA,2019-09-20 20:07:04,FALSE,NA,"1175139333155823616",NA,"<a href=""https://mobile.twitter.com"" rel=""nofollow"">Twitter Web App</a>","dupapnase",5,TRUE,FALSE,NA,NA
"We only had them issues as her majesty loves them royalwedding",FALSE,1,"acatfromgreece",2019-09-20 19:08:00,FALSE,"1175123140843843589","1175124465585459203","2978275647","<a href=""http://twitter.com/download/iphone"" rel=""nofollow"">Twitter for iPhone</a>","GorillaoJustice",0,FALSE,FALSE,NA,NA
"William and Kate only told The Queen about their engagementhours before it was made public RoyalFact RoyalWedding",FALSE,0,NA,2019-09-20 18:47:57,FALSE,NA,"1175119423142801408",NA,"<a href=""http://twitter.com/#!/download/ipad"" rel=""nofollow"">Twitter for iPad</a>","julieannkehoe",5,TRUE,FALSE,NA,NA
"William and Kate only told The Queen about their engagementhours before it was made public RoyalFact RoyalWedding",FALSE,0,NA,2019-09-20 18:42:19,FALSE,NA,"1175118004801146880",NA,"<a href=""http://twitter.com/download/android"" rel=""nofollow"">Twitter for Android</a>","nDQIDfSoULUfTrB",5,TRUE,FALSE,NA,NA
"William and Kate only told The Queen about their engagementhours before it was made public RoyalFact RoyalWedding",FALSE,0,NA,2019-09-20 18:37:38,FALSE,NA,"1175116824238854149",NA,"<a href=""https://mobile.twitter.com"" rel=""nofollow"">Twitter Web App</a>","domenicoxLaura",5,TRUE,FALSE,NA,NA
"Can we just take a moment to honor Meghan Markles Mother Doria Ragland who sat alone a million miles from homein a",FALSE,0,NA,2019-09-20 18:36:41,FALSE,NA,"1175116588476968963",NA,"<a href=""https://mobile.twitter.com"" rel=""nofollow"">Twitter Web App</a>","thesilverfoxx22",803,TRUE,FALSE,NA,NA
"William and Kate only told The Queen about their engagementhours before it was made public RoyalFact",FALSE,16,NA,2019-09-20 18:35:23,TRUE,NA,"1175116258318147586",NA,"<a href=""http://twitter.com/download/android"" rel=""nofollow"">Twitter for Android</a>","Royal_FamilyUK",5,FALSE,FALSE,NA,NA
"What if its the knight himself who needs rescuing NOT YOUR KNIGHT IN SHINING ARMOUR is out now",FALSE,0,NA,2019-09-20 18:05:11,TRUE,NA,"1175108660688760832",NA,"<a href=""https://www.hootsuite.com"" rel=""nofollow"">Hootsuite Inc.</a>","K8JohnsonAuthor",0,FALSE,FALSE,NA,NA
"Hes a prince Shes a barmaid Its never going to work RoyalWedding romance NOT YOUR CINDERELLA is out now",FALSE,0,NA,2019-09-20 16:05:40,TRUE,NA,"1175078581275430912",NA,"<a href=""https://www.hootsuite.com"" rel=""nofollow"">Hootsuite Inc.</a>","K8JohnsonAuthor",0,FALSE,FALSE,NA,NA
"Congratulations to the newly wed Harry and Meghan
Read about their big day on my blog RoyalWedding harryandmeghan",FALSE,0,NA,2019-09-20 15:32:30,FALSE,NA,"1175070233305989120",NA,"<a href=""http://twitter.com/download/iphone"" rel=""nofollow"">Twitter for iPhone</a>","lilythomp01",1,TRUE,FALSE,NA,NA
"Designer silk safa for barati or wedding procession For business inquiries start your conversation at",FALSE,1,NA,2019-09-20 13:33:29,TRUE,NA,"1175040285727838209",NA,"<a href=""https://mobile.twitter.com"" rel=""nofollow"">Twitter Web App</a>","ShahiPagdi",1,FALSE,FALSE,NA,NA
"Wedding table decor goals Agree Comment below

 
 

wzupproductions",FALSE,1,NA,2019-09-20 13:00:31,TRUE,NA,"1175031988325179393",NA,"<a href=""https://promorepublic.com"" rel=""nofollow"">PromoRepublic</a>","wzupproductions",0,FALSE,FALSE,NA,NA
"Hashtags on Twitter can also be used to join in with broader conversations around big events like the RoyalWedding",FALSE,0,NA,2019-09-20 12:08:01,TRUE,NA,"1175018774300418049",NA,"<a href=""https://buffer.com"" rel=""nofollow"">Buffer</a>","Stroud_WDYT",0,FALSE,FALSE,NA,NA
"Make an appointment to add new dimensions to your makeup that suit the occasion time and personality PLEASE SHARE",FALSE,0,NA,2019-09-20 10:52:08,FALSE,NA,"1174999676615102465",NA,"<a href=""http://twitter.com"" rel=""nofollow"">bridetobexoxo to zveil 1</a>","bridetobexoxo",1,TRUE,FALSE,NA,NA
"Make an appointment to add new dimensions to your makeup that suit the occasion time and personality PLEASE SHAR",FALSE,2,NA,2019-09-20 10:51:09,TRUE,NA,"1174999431835373569",NA,"<a href=""https://mobile.twitter.com"" rel=""nofollow"">Twitter Web App</a>","RanjeetMakeover",1,FALSE,FALSE,NA,NA
"Yui Moks took this viral photo he didnt allowed me to because it was my first job  

Now everyone is talking about it",FALSE,0,NA,2019-09-20 09:51:36,FALSE,NA,"1174984445084033024",NA,"<a href=""http://twitter.com/download/iphone"" rel=""nofollow"">Twitter for iPhone</a>","fotografar1",1,TRUE,FALSE,NA,NA
"Bunty weds Sweety Part 
RoyalWedding BBdubs",FALSE,0,NA,2019-09-20 08:10:00,FALSE,NA,"1174958876514349063",NA,"<a href=""http://twitter.com/download/android"" rel=""nofollow"">Twitter for Android</a>","iamkishank",1376,TRUE,FALSE,NA,NA
"Bunty weds Sweety Part 
RoyalWedding BBdubs",FALSE,0,NA,2019-09-20 08:09:58,FALSE,NA,"1174958866888445952",NA,"<a href=""http://twitter.com/download/android"" rel=""nofollow"">Twitter for Android</a>","iamkishank",2151,TRUE,FALSE,NA,NA
"Tattoos piercings and flaming red hair Youve never seen a Royal bride like ScarletNOT YOUR KNIGHT IN SHINING",FALSE,0,NA,2019-09-20 07:00:28,TRUE,NA,"1174941378003918848",NA,"<a href=""https://www.hootsuite.com"" rel=""nofollow"">Hootsuite Inc.</a>","K8JohnsonAuthor",0,FALSE,FALSE,NA,NA
"Did not expect this at all RoyalWedding",FALSE,0,NA,2019-09-20 06:41:21,FALSE,NA,"1174936566868742144",NA,"<a href=""http://twitter.com/download/android"" rel=""nofollow"">Twitter for Android</a>","GhouseP90967211",25296,TRUE,FALSE,NA,NA
"Congrats to Prince HarryMeghan   RoyalWedding",FALSE,0,NA,2019-09-20 04:20:19,FALSE,NA,"1174901075159076865",NA,"<a href=""http://twitter.com/download/iphone"" rel=""nofollow"">Twitter for iPhone</a>","PyRxIsDead",1022,TRUE,FALSE,NA,NA
"The alternative to the RoyalWedding 
LaurelandHardy BabesinToyland",FALSE,0,NA,2019-09-19 22:18:54,FALSE,NA,"1174810121031098369",NA,"<a href=""https://mobile.twitter.com"" rel=""nofollow"">Twitter Web App</a>","Arderucio",35,TRUE,FALSE,NA,NA
"Prince Harry tells Meghan Markle you look amazing as they meet for the first time in St Georges Chapel
RoyalWeddin",FALSE,0,NA,2019-09-19 22:07:56,FALSE,NA,"1174807360168239104",NA,"<a href=""http://twitter.com/download/android"" rel=""nofollow"">Twitter for Android</a>","gstrick88",184,TRUE,FALSE,NA,NA
"The newest addition to my royal family collection princessdiana royalwedding royalfamily",FALSE,0,NA,2019-09-19 22:02:25,FALSE,NA,"1174805972751138818",NA,"<a href=""http://instagram.com"" rel=""nofollow"">Instagram</a>","reneenicolegray",0,FALSE,FALSE,NA,NA
"Open Eveningduringwith the actual chair that Queen Mary sat in during her wedding to P",FALSE,0,NA,2019-09-19 21:44:53,FALSE,NA,"1174801560502775808",NA,"<a href=""http://twitter.com/#!/download/ipad"" rel=""nofollow"">Twitter for iPad</a>","wicktrisha",2,TRUE,FALSE,NA,NA
"Meet Tom He has PTSD a hypochondriac mother and a very unsuitable girlfriend Oh and his grandmother is the Queen o",FALSE,0,NA,2019-09-19 21:39:31,FALSE,NA,"1174800210142404609",NA,"<a href=""http://twitter.com/download/iphone"" rel=""nofollow"">Twitter for iPhone</a>","_FLECKY_",1,TRUE,FALSE,NA,NA
"Meet Tom He has PTSD a hypochondriac mother and a very unsuitable girlfriend Oh and his grandmother is the Quee",FALSE,1,NA,2019-09-19 21:01:00,TRUE,NA,"1174790517739130880",NA,"<a href=""https://www.hootsuite.com"" rel=""nofollow"">Hootsuite Inc.</a>","K8JohnsonAuthor",1,FALSE,FALSE,NA,NA
"Open Eveningduringwith the actual chair that Queen Mary sat in during her wedding to P",FALSE,0,NA,2019-09-19 19:36:05,FALSE,NA,"1174769145117851648",NA,"<a href=""http://twitter.com/download/android"" rel=""nofollow"">Twitter for Android</a>","WinchesterHods",2,TRUE,FALSE,NA,NA
"Open Eveningduringwith the actual chair that Queen Mary sat in during her wedding",FALSE,16,NA,2019-09-19 18:54:16,TRUE,NA,"1174758622783594498",NA,"<a href=""http://twitter.com/download/iphone"" rel=""nofollow"">Twitter for iPhone</a>","CatherineOgle",2,FALSE,FALSE,NA,NA
"PREPARE TO BE DELIGHTED
We cater to your ideas








eventmanager foodoftheday weddingdresses",FALSE,1,NA,2019-09-19 18:02:09,TRUE,NA,"1174745509501628416",NA,"<a href=""http://twitter.com/download/android"" rel=""nofollow"">Twitter for Android</a>","theABCCatering",1,FALSE,FALSE,NA,NA
"Love and you shall be lovedRalph Waldo Emerson RoyalWedding
inspiration citation motivation quote philosophy q",FALSE,0,NA,2019-09-19 17:18:57,FALSE,NA,"1174734634984366081",NA,"<a href=""https://nositeforabot.com"" rel=""nofollow"">onvatestermamene</a>","VieEasy",1,TRUE,FALSE,NA,NA
"Like SFF Try my action romance MAX SEVENTEENLike romantic comedies Try my",FALSE,0,NA,2019-09-19 17:00:45,TRUE,NA,"1174730056238862336",NA,"<a href=""https://www.hootsuite.com"" rel=""nofollow"">Hootsuite Inc.</a>","K8JohnsonAuthor",0,FALSE,FALSE,NA,NA
"Love and you shall be lovedRalph Waldo Emerson RoyalWedding
inspiration citation motivation quote philosophy quotes",FALSE,0,NA,2019-09-19 17:00:04,FALSE,NA,"1174729882435145731",NA,"<a href=""http://twitter.frogv.com/"" rel=""nofollow"">smartquotes6_app</a>","smartquotes6",1,FALSE,FALSE,NA,NA
"He can name a thousand years of his ancestors Shes disowned her own father The Royal Family is going to love thi",FALSE,0,NA,2019-09-19 16:01:08,TRUE,NA,"1174715054383669250",NA,"<a href=""https://www.hootsuite.com"" rel=""nofollow"">Hootsuite Inc.</a>","K8JohnsonAuthor",0,FALSE,FALSE,NA,NA
"Diana your son got married today The flowers in Meghans bouquet were hand picked by him from your garden The hymn the",FALSE,0,NA,2019-09-19 15:31:22,FALSE,NA,"1174707560424849408",NA,"<a href=""http://twitter.com/download/iphone"" rel=""nofollow"">Twitter for iPhone</a>","Lauriane_Plt",73378,TRUE,FALSE,NA,NA
"Bunty weds Sweety Part 
RoyalWedding BBdubs",FALSE,0,NA,2019-09-19 15:01:31,FALSE,NA,"1174700048992612355",NA,"<a href=""http://twitter.com/download/android"" rel=""nofollow"">Twitter for Android</a>","ZabeerLover",2151,TRUE,FALSE,NA,NA
"Bunty weds Sweety Part 
RoyalWedding BBdubs",FALSE,0,NA,2019-09-19 14:58:17,FALSE,NA,"1174699236564373504",NA,"<a href=""https://mobile.twitter.com"" rel=""nofollow"">Twitter Web App</a>","Shan_N7",1376,TRUE,FALSE,NA,NA
"Bunty weds Sweety Part 
RoyalWedding BBdubs",FALSE,0,NA,2019-09-19 14:58:09,FALSE,NA,"1174699204322779138",NA,"<a href=""https://mobile.twitter.com"" rel=""nofollow"">Twitter Web App</a>","Shan_N7",2151,TRUE,FALSE,NA,NA
"Adithya Convention Centre CoimbatoreBreezedecorators grandwedding brindhavanmahal royalwedding",FALSE,0,NA,2019-09-19 13:41:17,TRUE,NA,"1174679858024108033",NA,"<a href=""https://mobile.twitter.com"" rel=""nofollow"">Twitter Web App</a>","BreezeDecorator",0,FALSE,FALSE,NA,NA
"Bunty weds Sweety Part 
RoyalWedding BBdubs",FALSE,0,NA,2019-09-19 13:25:06,FALSE,NA,"1174675786680266752",NA,"<a href=""http://twitter.com/download/android"" rel=""nofollow"">Twitter for Android</a>","chitrazindahai",1376,TRUE,FALSE,NA,NA
"Bunty weds Sweety Part 
RoyalWedding BBdubs",FALSE,0,NA,2019-09-19 13:20:46,FALSE,NA,"1174674694244458502",NA,"<a href=""http://twitter.com/download/android"" rel=""nofollow"">Twitter for Android</a>","chitrazindahai",2151,TRUE,FALSE,NA,NA
"Every wedding should feel like a RoyalWedding when youve found the one who treats you like royalty  ",FALSE,0,NA,2019-09-19 12:07:36,FALSE,NA,"1174656281359114246",NA,"<a href=""https://mobile.twitter.com"" rel=""nofollow"">Twitter Web App</a>","collsexymusic4u",53,TRUE,FALSE,NA,NA
"Bunty weds Sweety Part 
RoyalWedding BBdubs",FALSE,0,NA,2019-09-19 12:06:40,FALSE,NA,"1174656047291817984",NA,"<a href=""http://twitter.com/download/android"" rel=""nofollow"">Twitter for Android</a>","maheshwarisr",1376,TRUE,FALSE,NA,NA
"Bunty weds Sweety Part 
RoyalWedding BBdubs",FALSE,0,NA,2019-09-19 12:05:26,FALSE,NA,"1174655737794060288",NA,"<a href=""http://twitter.com/download/android"" rel=""nofollow"">Twitter for Android</a>","maheshwarisr",2151,TRUE,FALSE,NA,NA
"A wedding at Taj Hari Mahal has been special for generations Fulfill your most heartfelt desire of a perfect weddi",FALSE,3,NA,2019-09-19 10:35:41,TRUE,NA,"1174633151177486337",NA,"<a href=""http://twitter.com/download/android"" rel=""nofollow"">Twitter for Android</a>","TajHariMahal",0,FALSE,FALSE,NA,NA
"Bunty weds Sweety Part 
RoyalWedding BBdubs",FALSE,0,NA,2019-09-19 10:32:56,FALSE,NA,"1174632458538536961",NA,"<a href=""http://twitter.com/download/android"" rel=""nofollow"">Twitter for Android</a>","m17loshali",2151,TRUE,FALSE,NA,NA
"Designer silk safa for barati or wedding procession For business inquiries start your conversation at",FALSE,0,NA,2019-09-19 08:51:47,TRUE,NA,"1174607003919847426",NA,"<a href=""https://mobile.twitter.com"" rel=""nofollow"">Twitter Web App</a>","ShahiPagdi",0,FALSE,FALSE,NA,NA
"Prince Thomas is coming home Lord hes been off in Syria for so long NOT YOUR KNIGHT IN SHINING ARMOUR is out n",FALSE,0,NA,2019-09-19 07:00:13,TRUE,NA,"1174578927131615232",NA,"<a href=""https://www.hootsuite.com"" rel=""nofollow"">Hootsuite Inc.</a>","K8JohnsonAuthor",0,FALSE,FALSE,NA,NA
"George and Amal Clooney are at the Royal Wedding right now 

Clooney georgeclooney RoyalWedding",FALSE,0,"ClooneysOpenHse",2019-09-19 05:54:25,FALSE,NA,"1174562369827233793","318218531","<a href=""http://twitter.com/download/android"" rel=""nofollow"">Twitter for Android</a>","George_Clooney8",0,FALSE,FALSE,NA,NA
"I just wanted to paint this expression  RoyalWedding MeghanMarkle",FALSE,0,NA,2019-09-19 03:12:43,FALSE,NA,"1174521673330171904",NA,"<a href=""http://twitter.com/download/android"" rel=""nofollow"">Twitter for Android</a>","sunnymegx",5764,TRUE,FALSE,NA,NA
"Happiness is getting your special food on your special day


Credits Morvi Images


 indianweddings",FALSE,0,NA,2019-09-19 00:03:01,TRUE,NA,"1174473936836407296",NA,"<a href=""https://buffer.com"" rel=""nofollow"">Buffer</a>","EventTow",0,FALSE,FALSE,NA,NA
"I love that Lego hooked into RoyalWedding Wow",FALSE,0,"DavidKamatoy",2019-09-18 22:19:16,FALSE,"1173996640937508864","1174447825062514688","15491283","<a href=""https://about.twitter.com/products/tweetdeck"" rel=""nofollow"">TweetDeck</a>","DavidKamatoy",0,FALSE,FALSE,NA,NA
"My grandma just came back from the RoyalWedding and this is what she had to say",FALSE,0,NA,2019-09-18 21:09:28,FALSE,NA,"1174430258474422272",NA,"<a href=""http://twitter.com/download/iphone"" rel=""nofollow"">Twitter for iPhone</a>","dam_kxng",122,TRUE,FALSE,NA,NA
"David Beckham la classe RoyalWedding",FALSE,0,NA,2019-09-18 19:29:55,FALSE,NA,"1174405208425865218",NA,"<a href=""http://twitter.com/download/android"" rel=""nofollow"">Twitter for Android</a>","Fleur_Des_Anges",469,TRUE,FALSE,NA,NA
"Hashtags on Twitter can also be used to join in with broader conversations around big events like the RoyalWedding",FALSE,2,NA,2019-09-18 19:10:02,TRUE,NA,"1174400202813386752",NA,"<a href=""https://buffer.com"" rel=""nofollow"">Buffer</a>","JoinWDYT",0,FALSE,FALSE,NA,NA
"ThursdayFlashbackOne of the royalwedding announcement with WilliamandKate",FALSE,3,NA,2019-09-18 18:12:48,TRUE,NA,"1174385801603534851",NA,"<a href=""https://mobile.twitter.com"" rel=""nofollow"">Twitter Web App</a>","withey_adam",0,FALSE,FALSE,NA,NA
"Hes not your usual prince Its not your usual RoyalWedding And shes definitely NOT YOUR CINDERELLA",FALSE,0,NA,2019-09-18 18:00:45,FALSE,NA,"1174382766747791360",NA,"<a href=""https://www.hootsuite.com"" rel=""nofollow"">Hootsuite Inc.</a>","K8JohnsonAuthor",0,FALSE,FALSE,NA,NA
"We had a great morning watching Talk Stoop alum Meghan Markles royalwedding Heres a shot from one of my favorite inte",FALSE,0,NA,2019-09-18 17:53:56,FALSE,NA,"1174381053307437056",NA,"<a href=""http://twitter.com/download/android"" rel=""nofollow"">Twitter for Android</a>","gordon_izabella",12,TRUE,FALSE,NA,NA
"And then she rescues him right back NOT YOUR KNIGHT IN SHINING ARMOUR is out nowromance e",FALSE,0,NA,2019-09-18 17:52:50,FALSE,NA,"1174380777057980416",NA,"<a href=""http://twitter.com/download/android"" rel=""nofollow"">Twitter for Android</a>","RhodaBaxter",1,TRUE,FALSE,NA,NA
"And then she rescues him right back NOT YOUR KNIGHT IN SHINING ARMOUR is out nowromance",FALSE,1,NA,2019-09-18 17:00:05,TRUE,NA,"1174367499669954561",NA,"<a href=""https://www.hootsuite.com"" rel=""nofollow"">Hootsuite Inc.</a>","K8JohnsonAuthor",1,FALSE,FALSE,NA,NA
"Designer silk and cotton safa for barati or wedding procession For business inquiries start your conversation at",FALSE,0,NA,2019-09-18 15:52:13,TRUE,NA,"1174350421453877248",NA,"<a href=""https://mobile.twitter.com"" rel=""nofollow"">Twitter Web App</a>","ShahiPagdi",0,FALSE,FALSE,NA,NA
"weddingweddingphotographer weddingdayweddingplanner weddingdress royalwedding lovefadhionpassionninstalik",FALSE,1,NA,2019-09-18 15:24:53,TRUE,NA,"1174343541130219520",NA,"<a href=""http://instagram.com"" rel=""nofollow"">Instagram</a>","PhCataldo",0,FALSE,FALSE,"14.42910211","40.75304492"
"We had a great morning watching Talk Stoop alum Meghan Markles royalwedding Heres a shot from one of my favorite inte",FALSE,0,NA,2019-09-18 14:05:54,FALSE,NA,"1174323666584129536",NA,"<a href=""http://twitter.com/download/android"" rel=""nofollow"">Twitter for Android</a>","MmMin57",12,TRUE,FALSE,NA,NA
"Youre invited to celebrate the RoyalWedding with us at Downton Abbey The Exhibition in NYC to celebrate the marriage",FALSE,0,NA,2019-09-18 13:57:39,FALSE,NA,"1174321590823260161",NA,"<a href=""https://mobile.twitter.com"" rel=""nofollow"">Twitter Web App</a>","tmasonmi5",43,TRUE,FALSE,NA,NA
"Youre invited to celebrate the RoyalWedding with us at Downton Abbey The Exhibition in NYC to celebrate the marriage",FALSE,0,NA,2019-09-18 13:53:40,FALSE,NA,"1174320586669154304",NA,"<a href=""https://mobile.twitter.com"" rel=""nofollow"">Twitter Web App</a>","Mi5Recordings",43,TRUE,FALSE,NA,NA
"We had a great morning watching Talk Stoop alum Meghan Markles royalwedding Heres a shot from one of my favorite inte",FALSE,0,NA,2019-09-18 13:32:59,FALSE,NA,"1174315382531923968",NA,"<a href=""http://twitter.com/#!/download/ipad"" rel=""nofollow"">Twitter for iPad</a>","QueenCityBird",12,TRUE,FALSE,NA,NA
"We had a great morning watching Talk Stoop alum Meghan Markles royalwedding Heres a shot from one of my favorite inte",FALSE,0,NA,2019-09-18 13:17:20,FALSE,NA,"1174311443518373890",NA,"<a href=""https://mobile.twitter.com"" rel=""nofollow"">Twitter Web App</a>","KUWTRSussexes",12,TRUE,FALSE,NA,NA
"My grandma just came back from the RoyalWedding and this is what she had to say",FALSE,0,NA,2019-09-18 13:06:15,FALSE,NA,"1174308652993454080",NA,"<a href=""http://twitter.com/download/iphone"" rel=""nofollow"">Twitter for iPhone</a>","IsaiahTalbot",122,TRUE,FALSE,NA,NA
"We had a great morning watching Talk Stoop alum Meghan Markles royalwedding Heres a shot from one of my favorite inte",FALSE,0,NA,2019-09-18 13:04:40,FALSE,NA,"1174308256795070464",NA,"<a href=""http://twitter.com/download/iphone"" rel=""nofollow"">Twitter for iPhone</a>","latteIicious",12,TRUE,FALSE,NA,NA
"We had a great morning watching Talk Stoop alum Meghan Markles royalwedding Heres a shot from one of my favorite inte",FALSE,0,NA,2019-09-18 13:04:15,FALSE,NA,"1174308152294236161",NA,"<a href=""http://twitter.com/download/iphone"" rel=""nofollow"">Twitter for iPhone</a>","popsicle_pimp",12,TRUE,FALSE,NA,NA
"We had a great morning watching Talk Stoop alum Meghan Markles royalwedding Heres a shot from one of my favorite inte",FALSE,0,NA,2019-09-18 12:59:35,FALSE,NA,"1174306978522378240",NA,"<a href=""http://twitter.com/download/iphone"" rel=""nofollow"">Twitter for iPhone</a>","MagaliDMathias",12,TRUE,FALSE,NA,NA
"We had a great morning watching Talk Stoop alum Meghan Markles royalwedding Heres a shot from one of my favorite inte",FALSE,0,NA,2019-09-18 12:59:27,FALSE,NA,"1174306944099602432",NA,"<a href=""http://twitter.com/download/android"" rel=""nofollow"">Twitter for Android</a>","gina_asada",12,TRUE,FALSE,NA,NA
"Hashtags on Twitter can also be used to join in with broader conversations around big events like the RoyalWedding",FALSE,0,NA,2019-09-18 12:08:02,TRUE,NA,"1174294003690475520",NA,"<a href=""https://buffer.com"" rel=""nofollow"">Buffer</a>","Stroud_WDYT",0,FALSE,FALSE,NA,NA
"Find out the story behind the beginning ofin my interview w the gossip queen herself LaineyLui",FALSE,0,NA,2019-09-18 11:01:27,TRUE,NA,"1174277247865413633",NA,"<a href=""https://www.hootsuite.com"" rel=""nofollow"">Hootsuite Inc.</a>","eleanorbeaton",0,FALSE,FALSE,NA,NA
"An intimate RoyalWedding withof your closest friends NOT YOUR PRINCE CHARMING is out now",FALSE,0,NA,2019-09-18 11:00:31,FALSE,NA,"1174277013596770309",NA,"<a href=""https://www.hootsuite.com"" rel=""nofollow"">Hootsuite Inc.</a>","K8JohnsonAuthor",0,FALSE,FALSE,NA,NA
"One day youreand posing outside Buckingham palace andyears later youre marrying the Prince 

Unreal 

RoyalWed",FALSE,0,NA,2019-09-18 08:38:18,FALSE,NA,"1174241223965630471",NA,"<a href=""http://twitter.com/download/iphone"" rel=""nofollow"">Twitter for iPhone</a>","Pinche_Tomasa",128723,TRUE,FALSE,NA,NA
"We are short of words to describe the beauty of this moonlit picture ofand avu by",FALSE,0,NA,2019-09-18 08:30:13,TRUE,NA,"1174239186976759808",NA,"<a href=""https://buffer.com"" rel=""nofollow"">Buffer</a>","wishnwed",0,FALSE,FALSE,NA,NA
"What happens in Vegas stays in Vegas right Unless youre a prince NOT YOUR KNIGHT IN SHINING ARMOUR is out NOW",FALSE,0,NA,2019-09-18 07:00:09,TRUE,NA,"1174216520836276226",NA,"<a href=""https://www.hootsuite.com"" rel=""nofollow"">Hootsuite Inc.</a>","K8JohnsonAuthor",0,FALSE,FALSE,NA,NA
"My grandma just came back from the RoyalWedding and this is what she had to say",FALSE,0,NA,2019-09-18 04:00:16,FALSE,NA,"1174171253218955265",NA,"<a href=""http://twitter.com/download/iphone"" rel=""nofollow"">Twitter for iPhone</a>","JamaalDante",122,TRUE,FALSE,NA,NA
"Hand in hand  royalwedding",FALSE,0,NA,2019-09-17 22:29:52,FALSE,NA,"1174088103520329728",NA,"<a href=""http://twitter.com/download/iphone"" rel=""nofollow"">Twitter for iPhone</a>","xii__rakan",469,TRUE,FALSE,NA,NA
"Princess Elizabeth was a bridesmaid for the wedding of Captain Henry AbelSmith and Lady May Cambridge niece of King George V",FALSE,0,NA,2019-09-17 22:25:12,FALSE,NA,"1174086931417915392",NA,"<a href=""https://mobile.twitter.com"" rel=""nofollow"">Twitter Web App</a>","itwed21",49,TRUE,FALSE,NA,NA
"One of my favorite newsletters is s She not only gives updates on her books that I adore RoyalWeddi",FALSE,0,NA,2019-09-17 21:33:11,FALSE,NA,"1174073840588251138",NA,"<a href=""https://mobile.twitter.com"" rel=""nofollow"">Twitter Web App</a>","bachbunny",2,TRUE,FALSE,NA,NA
"One of my favorite newsletters is s She not only gives updates on her books that I adore RoyalWeddi",FALSE,0,NA,2019-09-17 21:20:00,FALSE,NA,"1174070523199918086",NA,"<a href=""http://twitter.com/download/iphone"" rel=""nofollow"">Twitter for iPhone</a>","whimsicallyours",2,TRUE,FALSE,NA,NA
"Prince William is reported to have only slept forminutes the night before his weddingthis was due to a combinati",FALSE,0,NA,2019-09-17 20:51:17,FALSE,NA,"1174063296443551745",NA,"<a href=""http://twitter.com/download/android"" rel=""nofollow"">Twitter for Android</a>","LoriSprenkle",49,TRUE,FALSE,NA,NA
"Children fall in love at first sight with our Castle Lions


RoyalLions Royalwedding Weddingvenue",FALSE,2,NA,2019-09-17 20:01:27,TRUE,NA,"1174050754438545414",NA,"<a href=""https://www.hootsuite.com"" rel=""nofollow"">Hootsuite Inc.</a>","hertfordcastle",0,FALSE,FALSE,NA,NA
"I just cant get enough of this  royalwedding DuchessMeghan",FALSE,0,NA,2019-09-17 18:06:10,FALSE,NA,"1174021745076035584",NA,"<a href=""http://twitter.com/download/iphone"" rel=""nofollow"">Twitter for iPhone</a>","irena_golova",0,FALSE,FALSE,NA,NA
"His life is going fine cos Elizas in it RoyalWedding romance NOT YOUR PRINCE CHARMING is out now",FALSE,0,NA,2019-09-17 18:00:57,FALSE,NA,"1174020430874796035",NA,"<a href=""https://www.hootsuite.com"" rel=""nofollow"">Hootsuite Inc.</a>","K8JohnsonAuthor",0,FALSE,FALSE,NA,NA
"Scarlet is her name Scarlet is her hair and Scarlet is her nature This RoyalWedding is going to liven things up",FALSE,0,NA,2019-09-17 17:00:40,TRUE,NA,"1174005260807016448",NA,"<a href=""https://www.hootsuite.com"" rel=""nofollow"">Hootsuite Inc.</a>","K8JohnsonAuthor",0,FALSE,FALSE,NA,NA
"Last chance for our amazing Lemon Elderflower royalwedding Cupcakes 
bakery cupcakes cakeartmd sby",FALSE,0,NA,2019-09-17 15:55:19,TRUE,NA,"1173988812260814848",NA,"<a href=""http://instagram.com"" rel=""nofollow"">Instagram</a>","CakeArtbysusan",0,FALSE,FALSE,NA,NA
"Love No one has ever understood whats the perfect definition of love

Its the respect and the mutualunderstanding th",FALSE,0,NA,2019-09-17 12:17:54,FALSE,NA,"1173934097267351554",NA,"<a href=""http://twitter.com/download/android"" rel=""nofollow"">Twitter for Android</a>","Bossy45329221",1,TRUE,FALSE,NA,NA
"Prince Jamie married a barmaid Princess Eliza married a divorced American Prince Toms choice of royal bride is a",FALSE,0,NA,2019-09-17 11:01:00,TRUE,NA,"1173914745751199744",NA,"<a href=""https://www.hootsuite.com"" rel=""nofollow"">Hootsuite Inc.</a>","K8JohnsonAuthor",0,FALSE,FALSE,NA,NA
"Dont wait for magic Create it with our exquisite jewellery which will brighten up any traditional attire

SKU C",FALSE,0,NA,2019-09-17 10:54:25,TRUE,NA,"1173913089651007490",NA,"<a href=""https://mobile.twitter.com"" rel=""nofollow"">Twitter Web App</a>","YosshitaNeha",0,FALSE,FALSE,NA,NA
"Seeking to make a statement this wedding seasonWe got you covered with our amazing lehenga 

SKU Code YNL
",FALSE,0,NA,2019-09-17 10:54:00,TRUE,NA,"1173912986458607617",NA,"<a href=""https://mobile.twitter.com"" rel=""nofollow"">Twitter Web App</a>","YosshitaNeha",0,FALSE,FALSE,NA,NA
"Reimagine your next look with our stunning jewellery Come fall in love 

SKU Code YNL
",FALSE,0,NA,2019-09-17 10:53:30,TRUE,NA,"1173912859903811584",NA,"<a href=""https://mobile.twitter.com"" rel=""nofollow"">Twitter Web App</a>","YosshitaNeha",0,FALSE,FALSE,NA,NA
"Show up in our quintessentialtimeless red lehenga for special day and give no one a chance to take their eyes aw",FALSE,0,NA,2019-09-17 10:43:18,TRUE,NA,"1173910291819581440",NA,"<a href=""https://mobile.twitter.com"" rel=""nofollow"">Twitter Web App</a>","YosshitaNeha",0,FALSE,FALSE,NA,NA
"Pair up our stunning jewellery with the classic lehenga to sparkle away on your wedding day 

SKU Code YNL",FALSE,0,NA,2019-09-17 10:42:50,TRUE,NA,"1173910172760080384",NA,"<a href=""https://mobile.twitter.com"" rel=""nofollow"">Twitter Web App</a>","YosshitaNeha",0,FALSE,FALSE,NA,NA
"Get dolled up in our classic red lehenga for your day of love laughter and that begining of happily ever after 
",FALSE,0,NA,2019-09-17 10:42:22,TRUE,NA,"1173910056170999810",NA,"<a href=""https://mobile.twitter.com"" rel=""nofollow"">Twitter Web App</a>","YosshitaNeha",0,FALSE,FALSE,NA,NA
"CALLING ALL GAMEOFTHRONES FANS Jon Snow finally marries his beloved Ygritte today and yes this really is RoyalWedding B",FALSE,0,NA,2019-09-17 08:49:18,FALSE,NA,"1173881603229024256",NA,"<a href=""https://mobile.twitter.com"" rel=""nofollow"">Twitter Web App</a>","NotTheYesGuy1",388,TRUE,FALSE,NA,NA
"Hashtags on Twitter can be used to join in with broader conversations around big events like the RoyalWedding or n",FALSE,2,NA,2019-09-17 08:29:01,TRUE,NA,"1173876496626278402",NA,"<a href=""https://buffer.com"" rel=""nofollow"">Buffer</a>","Cheltenham_WDYT",0,FALSE,FALSE,NA,NA
"Best makeover studio in DelhiNCR providing a variety of onvenue and instudio mehndi engagement wedding",FALSE,0,NA,2019-09-17 07:43:14,TRUE,NA,"1173864976160657410",NA,"<a href=""https://mobile.twitter.com"" rel=""nofollow"">Twitter Web App</a>","RanjeetMakeover",0,FALSE,FALSE,NA,NA
"days royalweddingMariner Of The Seas",FALSE,17,NA,2019-09-17 03:52:39,FALSE,NA,"1173806949814718466",NA,"<a href=""http://instagram.com"" rel=""nofollow"">Instagram</a>","mpoole3",0,FALSE,FALSE,"-80.61078","28.40468"
"Riding their royalwedding stardom into a new SonyMusic deal and global tour British gospel institution",FALSE,2,NA,2019-09-17 01:00:08,TRUE,NA,"1173763533512806401",NA,"<a href=""https://buffer.com"" rel=""nofollow"">Buffer</a>","indyweek",0,FALSE,FALSE,NA,NA
"She wont pretend to know the challenges hes facing the world he keeps erasing and creating in his mind but she",FALSE,1,NA,2019-09-17 00:00:50,TRUE,NA,"1173748611303268353",NA,"<a href=""https://www.hootsuite.com"" rel=""nofollow"">Hootsuite Inc.</a>","K8JohnsonAuthor",0,FALSE,FALSE,NA,NA
"One of my favorite newsletters is s She not only gives updates on her books that I adore ",FALSE,5,NA,2019-09-16 23:29:08,TRUE,NA,"1173740633112162309",NA,"<a href=""http://twitter.com/download/iphone"" rel=""nofollow"">Twitter for iPhone</a>","whimsicallyours",2,FALSE,FALSE,NA,NA
"Lets just take a minute to appreciate how beautiful this is 
royalwedding",FALSE,0,NA,2019-09-16 21:48:40,FALSE,NA,"1173715348681629698",NA,"<a href=""http://twitter.com/download/android"" rel=""nofollow"">Twitter for Android</a>","90sbabyicon",2245,TRUE,FALSE,NA,NA
"These eight businesses know how to nail Instagram marketing Our favoritefor recreating the",FALSE,1,NA,2019-09-16 19:45:07,TRUE,NA,"1173684258357071872",NA,"<a href=""https://www.hootsuite.com"" rel=""nofollow"">Hootsuite Inc.</a>","TreefallAgency",0,FALSE,FALSE,NA,NA
"Royal Blue Tree of Life Wedding Handfasting Cord DivinityBraid Celtic Handfasting TreeOfLife Wedding",FALSE,0,NA,2019-09-16 16:52:07,TRUE,NA,"1173640721431023616",NA,"<a href=""https://www.SchedulePictures.com"" rel=""nofollow"">SchedulePictures</a>","DivinityBraid",0,FALSE,FALSE,NA,NA
"Ever fallen in love with someone you shouldnt have NOT YOUR KNIGHT IN SHINING ARMOUR is out now",FALSE,1,NA,2019-09-16 16:01:12,TRUE,NA,"1173627906091823106",NA,"<a href=""https://www.hootsuite.com"" rel=""nofollow"">Hootsuite Inc.</a>","K8JohnsonAuthor",0,FALSE,FALSE,NA,NA
"When you find that receipt that takes you back to June th when you touched down back homehappymemories",FALSE,0,NA,2019-09-16 14:35:30,TRUE,NA,"1173606339395969032",NA,"<a href=""http://instagram.com"" rel=""nofollow"">Instagram</a>","Vmarroquin13",0,FALSE,FALSE,NA,NA
"A story about a computer scientist a historian and a manky pub Oh and a RoyalWedding NOT YOUR CINDERELLA is o",FALSE,0,NA,2019-09-16 14:00:50,TRUE,NA,"1173597616397066241",NA,"<a href=""https://www.hootsuite.com"" rel=""nofollow"">Hootsuite Inc.</a>","K8JohnsonAuthor",0,FALSE,FALSE,NA,NA
"If youre still basking in the afterglow of Harrys birthday celebrations we have a treat for you dont miss Har",FALSE,0,NA,2019-09-16 13:26:48,TRUE,NA,"1173589050059567104",NA,"<a href=""https://about.twitter.com/products/tweetdeck"" rel=""nofollow"">TweetDeck</a>","TrueRoyaltyTV",0,FALSE,FALSE,NA,NA
"Designer Talks About Meghan Markle Wedding Dress CONTROVERSYEmiliaWickstead",FALSE,1,NA,2019-09-16 12:32:08,TRUE,NA,"1173575293774098432",NA,"<a href=""https://iconichipster.com"" rel=""nofollow"">App for IconicHipster.com</a>","AaronRFernandes",0,FALSE,FALSE,NA,NA
"Celebrate with your loved ones by getting a frosty and exquisite cake from CakeMayorStop doubtingSend a DM now t",FALSE,0,NA,2019-09-16 12:05:55,TRUE,NA,"1173568696628981767",NA,"<a href=""http://twitter.com/download/android"" rel=""nofollow"">Twitter for Android</a>","CakeMayor",0,FALSE,FALSE,NA,NA
"Excited to share the latest addition to my etsy shop Arcopal Milk Glass Mug celebrating the wedding of Princess D",FALSE,0,NA,2019-09-16 12:05:07,TRUE,NA,"1173568492651655168",NA,"<a href=""http://twitter.com/download/android"" rel=""nofollow"">Twitter for Android</a>","TheKitchenTime1",0,FALSE,FALSE,NA,NA
"Margaret Countess of Tyrol married John Henry of Luxembourg OnThisDayinThey divorced and John Henry",FALSE,1,NA,2019-09-16 11:25:11,TRUE,NA,"1173558442977583104",NA,"<a href=""http://twitter.com/download/android"" rel=""nofollow"">Twitter for Android</a>","empressofHaB",0,FALSE,FALSE,NA,NA
"This is my favourite RoyalWedding book I really hope you all fall in love with Tom and Scarlet as much as I did",FALSE,0,NA,2019-09-16 11:00:35,TRUE,NA,"1173552252092604422",NA,"<a href=""https://www.hootsuite.com"" rel=""nofollow"">Hootsuite Inc.</a>","K8JohnsonAuthor",0,FALSE,FALSE,NA,NA
"Designer silk and cotton safa for barati or wedding procession For business inquiries contact us now Mobile numbe",FALSE,0,NA,2019-09-16 09:05:09,TRUE,NA,"1173523203265679360",NA,"<a href=""https://mobile.twitter.com"" rel=""nofollow"">Twitter Web App</a>","ShahiPagdi",0,FALSE,FALSE,NA,NA
"Hashtags on Twitter can also be used to join in with broader conversations around big events like the RoyalWedding",FALSE,0,NA,2019-09-16 08:53:01,TRUE,NA,"1173520151263756288",NA,"<a href=""https://buffer.com"" rel=""nofollow"">Buffer</a>","Stroud_WDYT",0,FALSE,FALSE,NA,NA
"How STUNNING DOES SHE LOOK
For more info Please CALL us or WhatsApp onor Email at ranjeetvirk",FALSE,0,NA,2019-09-16 06:56:51,TRUE,NA,"1173490918118133762",NA,"<a href=""https://mobile.twitter.com"" rel=""nofollow"">Twitter Web App</a>","RanjeetMakeover",0,FALSE,FALSE,NA,NA
"And then she rescues him right back NOT YOUR KNIGHT IN SHINING ARMOUR is out nowromance",FALSE,0,NA,2019-09-16 06:00:13,TRUE,NA,"1173476665185509376",NA,"<a href=""https://www.hootsuite.com"" rel=""nofollow"">Hootsuite Inc.</a>","K8JohnsonAuthor",0,FALSE,FALSE,NA,NA
"Shes somethingteenth in line to the throne and people still confuse her with her sister Princess Eliza is still",FALSE,0,NA,2019-09-16 00:00:08,TRUE,NA,"1173386044387074048",NA,"<a href=""https://www.hootsuite.com"" rel=""nofollow"">Hootsuite Inc.</a>","K8JohnsonAuthor",0,FALSE,FALSE,NA,NA
"So we got a RoyalWedding coming up Congratulations toandDKGANG ",FALSE,0,NA,2019-09-15 22:21:37,FALSE,NA,"1173361252359376896",NA,"<a href=""http://twitter.com/download/iphone"" rel=""nofollow"">Twitter for iPhone</a>","sarahpriscillla",0,FALSE,FALSE,NA,NA
"Getting ready for the Royal Wedding this week traveling fornights between the Bahamas ItalyGreece Now th",FALSE,26,NA,2019-09-15 20:23:40,TRUE,NA,"1173331572092592128",NA,"<a href=""http://tapbots.com/tweetbot"" rel=""nofollow"">Tweetbot for i<U+039F>S</a>","mpoole3",0,FALSE,FALSE,NA,NA
"Prince William is reported to have only slept forminutes the night before his weddingthis was due to a combinati",FALSE,0,NA,2019-09-15 19:38:39,FALSE,NA,"1173320241310511105",NA,"<a href=""http://twitter.com/download/android"" rel=""nofollow"">Twitter for Android</a>","lbhutzell",49,TRUE,FALSE,NA,NA
"The stakes have never been higher for American heiress Gemma Lancaster Phillips PhD as she prepares for the global prem",FALSE,0,NA,2019-09-15 19:38:33,FALSE,NA,"1173320217625186305",NA,"<a href=""https://mobile.twitter.com"" rel=""nofollow"">Twitter Web App</a>","VClinebarton",10,TRUE,FALSE,NA,NA
"days RoyalWeddingRoyal Carribean Mariner of the Seas",FALSE,7,NA,2019-09-15 19:10:28,FALSE,NA,"1173313150504099842",NA,"<a href=""http://instagram.com"" rel=""nofollow"">Instagram</a>","mpoole3",0,FALSE,FALSE,"-77.33996708","25.08107371"
"fit right in royalwedding highlifeEastnor Castle",FALSE,1,"IAmByronVincent",2019-09-15 17:26:35,FALSE,NA,"1173287005662453763","413137478","<a href=""http://instagram.com"" rel=""nofollow"">Instagram</a>","K_Lazenby",0,FALSE,FALSE,"-2.38780646","52.02979539"
"Prince William is reported to have only slept forminutes the night before his weddingthis was due to a combinati",FALSE,0,NA,2019-09-15 16:50:44,FALSE,NA,"1173277982598864896",NA,"<a href=""http://twitter.com/download/android"" rel=""nofollow"">Twitter for Android</a>","Lakrouchni2",49,TRUE,FALSE,NA,NA
"Prince William is reported to have only slept forminutes the night before his weddingthis was due to a combinati",FALSE,0,NA,2019-09-15 15:24:11,FALSE,NA,"1173256202546896896",NA,"<a href=""http://twitter.com/download/android"" rel=""nofollow"">Twitter for Android</a>","purle_centauri",49,TRUE,FALSE,NA,NA
"Prince William is reported to have only slept forminutes the night before his weddingthis was due to a combinati",FALSE,0,NA,2019-09-15 13:58:31,FALSE,NA,"1173234642444591107",NA,"<a href=""http://twitter.com/download/android"" rel=""nofollow"">Twitter for Android</a>","CortesiAngelica",49,TRUE,FALSE,NA,NA
"Prince William is reported to have only slept forminutes the night before his weddingthis was due to a combinati",FALSE,0,NA,2019-09-15 13:49:45,FALSE,NA,"1173232439843610625",NA,"<a href=""http://twitter.com/#!/download/ipad"" rel=""nofollow"">Twitter for iPad</a>","teresapk",49,TRUE,FALSE,NA,NA
"Prince William is reported to have only slept forminutes the night before his weddingthis was due to a combinati",FALSE,0,NA,2019-09-15 13:41:53,FALSE,NA,"1173230458739597312",NA,"<a href=""http://twitter.com/download/iphone"" rel=""nofollow"">Twitter for iPhone</a>","Rainier94960732",49,TRUE,FALSE,NA,NA
"Prince William is reported to have only slept forminutes the night before his weddingthis was due to a combinati",FALSE,0,NA,2019-09-15 11:09:53,FALSE,NA,"1173192208389935104",NA,"<a href=""http://twitter.com/download/iphone"" rel=""nofollow"">Twitter for iPhone</a>","trbsailing",49,TRUE,FALSE,NA,NA
"Hashtags on Twitter can also be used to join in with broader conversations around big events like the RoyalWedding",FALSE,2,NA,2019-09-15 11:09:01,TRUE,NA,"1173191988113489920",NA,"<a href=""https://buffer.com"" rel=""nofollow"">Buffer</a>","JoinWDYT",0,FALSE,FALSE,NA,NA
"Happy Bday Prince HarryTaken during the RoyalWedding of WilliamKate Throwback JomsJourney",FALSE,0,NA,2019-09-15 10:54:05,FALSE,NA,"1173188232088977408",NA,"<a href=""http://twitter.com/download/iphone"" rel=""nofollow"">Twitter for iPhone</a>","AnthonyRoeh",0,FALSE,FALSE,NA,NA
"Prince William is reported to have only slept forminutes the night before his weddingthis was due to a combinati",FALSE,0,NA,2019-09-15 09:39:08,FALSE,NA,"1173169368785702912",NA,"<a href=""http://twitter.com/download/android"" rel=""nofollow"">Twitter for Android</a>","BessieBuckle1",49,TRUE,FALSE,NA,NA
"Prince William is reported to have only slept forminutes the night before his weddingthis was due to a combinati",FALSE,0,NA,2019-09-15 09:04:28,FALSE,NA,"1173160644763365376",NA,"<a href=""http://twitter.com/download/android"" rel=""nofollow"">Twitter for Android</a>","joannedavison54",49,TRUE,FALSE,NA,NA
"Prince William is reported to have only slept forminutes the night before his weddingthis was due to a combinati",FALSE,0,NA,2019-09-15 05:34:22,FALSE,NA,"1173107768871542786",NA,"<a href=""http://twitter.com/download/iphone"" rel=""nofollow"">Twitter for iPhone</a>","handmaiden61",49,TRUE,FALSE,NA,NA
"Dont go far away from mehe will be always at your side VexNow we are ready for the royalwedding thank you guys for",FALSE,0,NA,2019-09-15 04:48:32,FALSE,NA,"1173096237664485377",NA,"<a href=""http://twitter.com/download/android"" rel=""nofollow"">Twitter for Android</a>","themeanseasons",532,TRUE,FALSE,NA,NA
"Happy Wedding Mba SheviaMas Atho  sheviathomanten 
royalwedding
partIISheraton Gandaria CityBallroom",FALSE,0,NA,2019-09-15 04:35:26,FALSE,NA,"1173092939263827976",NA,"<a href=""http://instagram.com"" rel=""nofollow"">Instagram</a>","uccuSNH",0,FALSE,FALSE,"106.7833495","-6.2450311"
"Prince William is reported to have only slept forminutes the night before his weddingthis was due to a combinati",FALSE,0,NA,2019-09-15 02:28:11,FALSE,NA,"1173060917283524608",NA,"<a href=""http://twitter.com/download/android"" rel=""nofollow"">Twitter for Android</a>","betytoons119",49,TRUE,FALSE,NA,NA
"Lets take a moment to honor this beautiful strong woman Meghan Markles Mother Doria Ragland who sat alone a million mi",FALSE,0,NA,2019-09-15 02:22:44,FALSE,NA,"1173059545888952320",NA,"<a href=""http://twitter.com/download/iphone"" rel=""nofollow"">Twitter for iPhone</a>","ANeonRainbow",59029,TRUE,FALSE,NA,NA
"Prince William is reported to have only slept forminutes the night before his weddingthis was due to a combinati",FALSE,0,NA,2019-09-15 02:09:58,FALSE,NA,"1173056333249167360",NA,"<a href=""http://twitter.com/download/iphone"" rel=""nofollow"">Twitter for iPhone</a>","Rickjr2448883",49,TRUE,FALSE,NA,NA
"Prince William is reported to have only slept forminutes the night before his weddingthis was due to a combinati",FALSE,0,NA,2019-09-15 02:04:05,FALSE,NA,"1173054851410014208",NA,"<a href=""http://twitter.com/download/iphone"" rel=""nofollow"">Twitter for iPhone</a>","DustyReign",49,TRUE,FALSE,NA,NA
"Prince William is reported to have only slept forminutes the night before his weddingthis was due to a combinati",FALSE,0,NA,2019-09-15 02:04:03,FALSE,NA,"1173054844195594240",NA,"<a href=""http://twitter.com/download/android"" rel=""nofollow"">Twitter for Android</a>","WanKyuKang3",49,TRUE,FALSE,NA,NA
"I have never stalked social media more than I have forwedding The fomo is so real royalwedding",FALSE,2,NA,2019-09-15 01:53:36,FALSE,NA,"1173052211112398851",NA,"<a href=""http://twitter.com/download/iphone"" rel=""nofollow"">Twitter for iPhone</a>","Shannnbann",0,FALSE,FALSE,NA,NA
"Prince William is reported to have only slept forminutes the night before his weddingthis was due to a combinati",FALSE,0,NA,2019-09-15 01:36:36,FALSE,NA,"1173047935698919425",NA,"<a href=""http://twitter.com/download/android"" rel=""nofollow"">Twitter for Android</a>","jairus777perez",49,TRUE,FALSE,NA,NA
"A great glorious smile of a book Jan Jones Awardwinning author on NOT YOUR KNIGHT IN SHINING ARMOUR out now",FALSE,0,NA,2019-09-15 00:00:29,TRUE,NA,"1173023746875121666",NA,"<a href=""https://www.hootsuite.com"" rel=""nofollow"">Hootsuite Inc.</a>","K8JohnsonAuthor",0,FALSE,FALSE,NA,NA
"Prince William is reported to have only slept forminutes the night before his weddingthis was due to a combinati",FALSE,0,NA,2019-09-14 23:02:43,FALSE,NA,"1173009209589489664",NA,"<a href=""http://twitter.com/#!/download/ipad"" rel=""nofollow"">Twitter for iPad</a>","tabbicat6",49,TRUE,FALSE,NA,NA
"Prince William is reported to have only slept forminutes the night before his weddingthis was due to a combinati",FALSE,0,NA,2019-09-14 22:48:14,FALSE,NA,"1173005564667813889",NA,"<a href=""http://twitter.com/download/iphone"" rel=""nofollow"">Twitter for iPhone</a>","Marlinaayu",49,TRUE,FALSE,NA,NA
"Almost time Congratulations Kirk and Amanda royalwedding livinthedreamseptember",FALSE,0,NA,2019-09-14 22:39:44,TRUE,NA,"1173003424993906688",NA,"<a href=""http://instagram.com"" rel=""nofollow"">Instagram</a>","Eden_Parker",0,FALSE,FALSE,NA,NA
"Prince William is reported to have only slept forminutes the night before his weddingthis was due to a combinati",FALSE,0,NA,2019-09-14 22:19:44,FALSE,NA,"1172998389958664193",NA,"<a href=""http://twitter.com/download/iphone"" rel=""nofollow"">Twitter for iPhone</a>","cammycam89",49,TRUE,FALSE,NA,NA
"Prince William is reported to have only slept forminutes the night before his weddingthis was due to a combinati",FALSE,0,NA,2019-09-14 22:12:35,FALSE,NA,"1172996592548241408",NA,"<a href=""http://twitter.com/download/android"" rel=""nofollow"">Twitter for Android</a>","VinaLovesmoldy",49,TRUE,FALSE,NA,NA
"Meghan Markle aka The Duchess of Sussex requested a flower from allcountries of the Commonwealth embroidered on h",FALSE,0,NA,2019-09-14 22:12:04,FALSE,NA,"1172996463695192069",NA,"<a href=""http://twitter.com/download/iphone"" rel=""nofollow"">Twitter for iPhone</a>","Jatyrz",36,TRUE,FALSE,NA,NA
"Prince William is reported to have only slept forminutes the night before his weddingthis was due to a combinati",FALSE,0,NA,2019-09-14 21:40:23,FALSE,NA,"1172988490260389888",NA,"<a href=""http://twitter.com/download/android"" rel=""nofollow"">Twitter for Android</a>","an12frnc",49,TRUE,FALSE,NA,NA
"The stakes have never been higher for American heiress Gemma Lancaster Phillips PhD as she prepares for the global prem",FALSE,0,NA,2019-09-14 20:30:06,FALSE,NA,"1172970802326585344",NA,"<a href=""http://twitter.com/download/android"" rel=""nofollow"">Twitter for Android</a>","JulieJa21177914",10,TRUE,FALSE,NA,NA
"Prince William is reported to have only slept forminutes the night before his weddingthis was due to a combinati",FALSE,0,NA,2019-09-14 20:23:38,FALSE,NA,"1172969173481185280",NA,"<a href=""https://mobile.twitter.com"" rel=""nofollow"">Twitter Web App</a>","DustinSharpe7",49,TRUE,FALSE,NA,NA
"Prince William is reported to have only slept forminutes the night before his weddingthis was due to a combinati",FALSE,0,NA,2019-09-14 20:13:35,FALSE,NA,"1172966645670789132",NA,"<a href=""http://twitter.com/download/iphone"" rel=""nofollow"">Twitter for iPhone</a>","CherylKate_News",49,TRUE,FALSE,NA,NA
"Prince William is reported to have only slept forminutes the night before his weddingthis was due to a combinati",FALSE,0,NA,2019-09-14 20:10:56,FALSE,NA,"1172965977094545410",NA,"<a href=""https://mobile.twitter.com"" rel=""nofollow"">Twitter Web App</a>","Ale_Campos_GUA",49,TRUE,FALSE,NA,NA
"Prince William is reported to have only slept forminutes the night before his weddingthis was due to a combinati",FALSE,0,NA,2019-09-14 20:09:33,FALSE,NA,"1172965629105561600",NA,"<a href=""http://twitter.com/download/iphone"" rel=""nofollow"">Twitter for iPhone</a>","sollunna",49,TRUE,FALSE,NA,NA
"Prince William is reported to have only slept forminutes the night before his weddingthis was due to a combinati",FALSE,0,NA,2019-09-14 19:55:30,FALSE,NA,"1172962095522074625",NA,"<a href=""http://twitter.com/download/android"" rel=""nofollow"">Twitter for Android</a>","lovecambridges_",49,TRUE,FALSE,NA,NA
"The stakes have never been higher for American heiress Gemma Lancaster Phillips PhD as she prepares for the global prem",FALSE,0,NA,2019-09-14 19:41:48,FALSE,NA,"1172958647804035072",NA,"<a href=""http://twitter.com"" rel=""nofollow"">Twitter Web Client</a>","Spokenamos",10,TRUE,FALSE,NA,NA
"The stakes have never been higher for American heiress Gemma Lancaster Phillips PhD as she prepares for the global prem",FALSE,0,NA,2019-09-14 18:08:35,FALSE,NA,"1172935186062987264",NA,"<a href=""http://twitter.com/download/iphone"" rel=""nofollow"">Twitter for iPhone</a>","MichaelEging",10,TRUE,FALSE,NA,NA
"The stakes have never been higher for American heiress Gemma Lancaster Phillips PhD as she prepares for the global prem",FALSE,0,NA,2019-09-14 17:55:14,FALSE,NA,"1172931826631008256",NA,"<a href=""http://twitter.com/download/iphone"" rel=""nofollow"">Twitter for iPhone</a>","trishpolking",10,TRUE,FALSE,NA,NA
"Prince William is reported to have only slept forminutes the night before his weddingthis was due to a combinati",FALSE,0,NA,2019-09-14 17:46:28,FALSE,NA,"1172929620477435905",NA,"<a href=""https://mobile.twitter.com"" rel=""nofollow"">Twitter Web App</a>","Pjfet69",49,TRUE,FALSE,NA,NA
"The stakes have never been higher for American heiress Gemma Lancaster Phillips PhD as she prepares for the global prem",FALSE,0,NA,2019-09-14 17:32:22,FALSE,NA,"1172926074566696960",NA,"<a href=""https://mobile.twitter.com"" rel=""nofollow"">Twitter Web App</a>","BlissRob",10,TRUE,FALSE,NA,NA
"The stakes have never been higher for American heiress Gemma Lancaster Phillips PhD as she prepares for the global prem",FALSE,0,NA,2019-09-14 17:24:54,FALSE,NA,"1172924195325534209",NA,"<a href=""https://mobile.twitter.com"" rel=""nofollow"">Twitter Web App</a>","EcuadorDon",10,TRUE,FALSE,NA,NA
"The stakes have never been higher for American heiress Gemma Lancaster Phillips PhD as she prepares for the global prem",FALSE,0,NA,2019-09-14 17:21:53,FALSE,NA,"1172923435376414720",NA,"<a href=""https://mobile.twitter.com"" rel=""nofollow"">Twitter Web App</a>","saradeville",10,TRUE,FALSE,NA,NA
"The stakes have never been higher for American heiress Gemma Lancaster Phillips PhD as she prepares for the global prem",FALSE,0,NA,2019-09-14 17:21:49,FALSE,NA,"1172923416816627712",NA,"<a href=""http://twitter.com"" rel=""nofollow"">Twitter Web Client</a>","AuthorAlexBaile",10,TRUE,FALSE,NA,NA
"The stakes have never been higher for American heiress Gemma Lancaster Phillips PhD as she prepares for the global prem",FALSE,0,NA,2019-09-14 17:16:05,FALSE,NA,"1172921977352392704",NA,"<a href=""http://twitter.com/download/android"" rel=""nofollow"">Twitter for Android</a>","KZ_Howell",10,TRUE,FALSE,NA,NA
"The stakes have never been higher for American heiress Gemma Lancaster Phillips PhD as she prepares for the globa",FALSE,13,NA,2019-09-14 17:06:06,TRUE,NA,"1172919462871191553",NA,"<a href=""https://mobile.twitter.com"" rel=""nofollow"">Twitter Web App</a>","VClinebarton",10,FALSE,FALSE,NA,NA
"Look like royalty at a friends wedding or even your ownswarovkisparkles royalwe",FALSE,0,NA,2019-09-14 16:57:54,FALSE,NA,"1172917399735144448",NA,"<a href=""http://twitter.com/download/iphone"" rel=""nofollow"">Twitter for iPhone</a>","EOlsenRuby",1,TRUE,FALSE,NA,NA
"St Georges Chapel Windsor Castle Windsor United Kingdom  RoyalWedding",FALSE,0,NA,2019-09-14 16:47:26,FALSE,NA,"1172914765716447234",NA,"<a href=""http://twitter.com/download/android"" rel=""nofollow"">Twitter for Android</a>","Adkinsekim19",531,TRUE,FALSE,NA,NA
"Prince William is reported to have only slept forminutes the night before his weddingthis was due to a combinati",FALSE,0,NA,2019-09-14 16:30:13,FALSE,NA,"1172910431540830209",NA,"<a href=""https://mobile.twitter.com"" rel=""nofollow"">Twitter Web App</a>","MehmetOgutlu2",49,TRUE,FALSE,NA,NA
"Prince William is reported to have only slept forminutes the night before his weddingthis was due to a combinati",FALSE,0,NA,2019-09-14 16:06:59,FALSE,NA,"1172904584777478146",NA,"<a href=""https://mobile.twitter.com"" rel=""nofollow"">Twitter Web App</a>","gordienkojenia2",49,TRUE,FALSE,NA,NA
"Prince William is reported to have only slept forminutes the night before his weddingthis was due to a combinati",FALSE,0,NA,2019-09-14 15:40:32,FALSE,NA,"1172897930929418242",NA,"<a href=""http://twitter.com/download/android"" rel=""nofollow"">Twitter for Android</a>","song_title",49,TRUE,FALSE,NA,NA
"Prince William is reported to have only slept forminutes the night before his weddingthis was due to a combinati",FALSE,0,NA,2019-09-14 12:25:07,FALSE,NA,"1172848750869536769",NA,"<a href=""https://mobile.twitter.com"" rel=""nofollow"">Twitter Web App</a>","mbthingsiknow",49,TRUE,FALSE,NA,NA
"Prince William is reported to have only slept forminutes the night before his weddingthis was due to a combinati",FALSE,0,NA,2019-09-14 12:24:33,FALSE,NA,"1172848607164338177",NA,"<a href=""https://mobile.twitter.com"" rel=""nofollow"">Twitter Web App</a>","Sylwia74128709",49,TRUE,FALSE,NA,NA
"Shes got tattoos and a nose ring Hes got PTSD Its going to be a really interesting RoyalWedding NOT YOUR KNI",FALSE,0,NA,2019-09-14 12:00:17,TRUE,NA,"1172842500089929728",NA,"<a href=""https://www.hootsuite.com"" rel=""nofollow"">Hootsuite Inc.</a>","K8JohnsonAuthor",0,FALSE,FALSE,NA,NA
"Prince William is reported to have only slept forminutes the night before his weddingthis was due to a combinati",FALSE,0,NA,2019-09-14 11:17:35,FALSE,NA,"1172831754748661760",NA,"<a href=""http://twitter.com/download/android"" rel=""nofollow"">Twitter for Android</a>","nDQIDfSoULUfTrB",49,TRUE,FALSE,NA,NA
"Prince William is reported to have only slept forminutes the night before his weddingthis was due to a combinati",FALSE,0,NA,2019-09-14 10:59:37,FALSE,NA,"1172827234396180480",NA,"<a href=""http://twitter.com/#!/download/ipad"" rel=""nofollow"">Twitter for iPad</a>","julieannkehoe",49,TRUE,FALSE,NA,NA
"After marriage Ms Markle will become Her Royal Highness Princess Henry of Wales Duchess of Sussex Countess of Dumbart",FALSE,0,NA,2019-09-14 10:58:50,FALSE,NA,"1172827036253114369",NA,"<a href=""http://twitter.com/download/android"" rel=""nofollow"">Twitter for Android</a>","dana_giles",35,TRUE,FALSE,NA,NA
"ONE WORD FOR THIS LOOK COMMENT BELOW
For more info Please CALL us or WhatsApp onor Email at ranjeetv",FALSE,0,NA,2019-09-14 09:52:51,TRUE,NA,"1172810433637441536",NA,"<a href=""https://mobile.twitter.com"" rel=""nofollow"">Twitter Web App</a>","RanjeetMakeover",0,FALSE,FALSE,NA,NA
"Prince William is reported to have only slept forminutes the night before his weddingthis was due to a combinati",FALSE,0,NA,2019-09-14 08:31:17,FALSE,NA,"1172789906583801856",NA,"<a href=""http://twitter.com/download/iphone"" rel=""nofollow"">Twitter for iPhone</a>","mcgeeteresa26",49,TRUE,FALSE,NA,NA
"Prince William is reported to have only slept forminutes the night before his weddingthis was due to a combinati",FALSE,0,NA,2019-09-14 07:30:17,FALSE,NA,"1172774552260104192",NA,"<a href=""http://twitter.com/download/android"" rel=""nofollow"">Twitter for Android</a>","mignonette_06",49,TRUE,FALSE,NA,NA
"Prince William is reported to have only slept forminutes the night before his weddingthis was due to a combi",FALSE,378,NA,2019-09-14 06:26:19,TRUE,NA,"1172758455138041856",NA,"<a href=""http://twitter.com/download/android"" rel=""nofollow"">Twitter for Android</a>","Royal_FamilyUK",49,FALSE,FALSE,NA,NA
"Even over a year later were still sad thinking about the reason for the empty seat  RoyalWedding ",FALSE,0,NA,2019-09-14 06:08:32,FALSE,NA,"1172753980838907904",NA,"<a href=""http://twitter.com/download/android"" rel=""nofollow"">Twitter for Android</a>","Tiwawan",2,TRUE,FALSE,NA,NA
